Workbook

Sheet Picks importieren
C1: FFID | D1: 2 | F1: 3 | H1: 1
B2: SP_x | C2: 96.25 | D2: 1.7 | E2: 195 | F2: 1.6 | G2: -2.5 | H2: 1.8 | R2: T0 Korrektur | S2: 0
A3: Trace | B3: m | C3: x | D3: T zentral | E3: x | F3: T off-end - | G3: x | H3: T off-end + | I3: x | J3: T fern - | K3: x | L3: T fern + | M3: x | N3: T fern - - | O3: x | P3: T fern + + | R3: GEO_COMP | S3: 1
A4: 1 | B4: 0 | C4: =IF(C$2="","",SQRT(($B4-C$2)^2+D$2^2)) -> 96.265012 | D4: =SUMIFS(Tabelle1!$C$1:$C$1000,Tabelle1!$A$1:$A$1000,$A4+$S$4,Tabelle1!$B$1:$B$1000,D$1,Tabelle1!$D$1:$D$1000,$S$3) -> 69.4395 | E4: =IF(E$2="","",SQRT(($B4-E$2)^2+F$2^2)) -> 195.00656 | F4: =SUMIFS(Tabelle1!$C$1:$C$1000,Tabelle1!$A$1:$A$1000,$A4+$S$4,Tabelle1!$B$1:$B$1000,F$1,Tabelle1!$D$1:$D$1000,$S$3) -> 100.92 | G4: =IF(G$2="","",SQRT(($B4-G$2)^2+H$2^2)) -> 3.0805844 | H4: =SUMIFS(Tabelle1!$C$1:$C$1000,Tabelle1!$A$1:$A$1000,$A4+$S$4,Tabelle1!$B$1:$B$1000,H$1,Tabelle1!$D$1:$D$1000,$S$3) -> 7.90979 | I4: =IF(I$2="","",SQRT(($B4-I$2)^2+J$2^2)) | K4: =IF(K$2="","",SQRT(($B4-K$2)^2+L$2^2)) | M4: =IF(M$2="","",SQRT(($B4-M$2)^2+N$2^2)) | O4: =IF(O$2="","",SQRT(($B4-O$2)^2+P$2^2)) | R4: CHAN_OFFSET | S4: 0
A5: 2 | B5: 2.5 | C5: =IF(C$2="","",SQRT(($B5-C$2)^2+D$2^2)) -> 93.765412 | D5: =SUMIFS(Tabelle1!$C$1:$C$1000,Tabelle1!$A$1:$A$1000,$A5+$S$4,Tabelle1!$B$1:$B$1000,D$1,Tabelle1!$D$1:$D$1000,$S$3) -> 68.8263 | E5: =IF(E$2="","",SQRT(($B5-E$2)^2+F$2^2)) -> 192.50665 | F5: =SUMIFS(Tabelle1!$C$1:$C$1000,Tabelle1!$A$1:$A$1000,$A5+$S$4,Tabelle1!$B$1:$B$1000,F$1,Tabelle1!$D$1:$D$1000,$S$3) -> 100.511 | G5: =IF(G$2="","",SQRT(($B5-G$2)^2+H$2^2)) -> 5.3141321 | H5: =SUMIFS(Tabelle1!$C$1:$C$1000,Tabelle1!$A$1:$A$1000,$A5+$S$4,Tabelle1!$B$1:$B$1000,H$1,Tabelle1!$D$1:$D$1000,$S$3) -> 13.6335 | I5: =IF(I$2="","",SQRT(($B5-I$2)^2+J$2^2)) | K5: =IF(K$2="","",SQRT(($B5-K$2)^2+L$2^2)) | M5: =IF(M$2="","",SQRT(($B5-M$2)^2+N$2^2)) | O5: =IF(O$2="","",SQRT(($B5-O$2)^2+P$2^2))
A6: 3 | B6: 5 | C6: =IF(C$2="","",SQRT(($B6-C$2)^2+D$2^2)) -> 91.265834 | D6: =SUMIFS(Tabelle1!$C$1:$C$1000,Tabelle1!$A$1:$A$1000,$A6+$S$4,Tabelle1!$B$1:$B$1000,D$1,Tabelle1!$D$1:$D$1000,$S$3) -> 68.0086 | E6: =IF(E$2="","",SQRT(($B6-E$2)^2+F$2^2)) -> 190.00674 | F6: =SUMIFS(Tabelle1!$C$1:$C$1000,Tabelle1!$A$1:$A$1000,$A6+$S$4,Tabelle1!$B$1:$B$1000,F$1,Tabelle1!$D$1:$D$1000,$S$3) -> 100.102 | G6: =IF(G$2="","",SQRT(($B6-G$2)^2+H$2^2)) -> 7.7129761 | H6: =SUMIFS(Tabelle1!$C$1:$C$1000,Tabelle1!$A$1:$A$1000,$A6+$S$4,Tabelle1!$B$1:$B$1000,H$1,Tabelle1!$D$1:$D$1000,$S$3) -> 18.5032 | I6: =IF(I$2="","",SQRT(($B6-I$2)^2+J$2^2)) | K6: =IF(K$2="","",SQRT(($B6-K$2)^2+L$2^2)) | M6: =IF(M$2="","",SQRT(($B6-M$2)^2+N$2^2)) | O6: =IF(O$2="","",SQRT(($B6-O$2)^2+P$2^2))
A7: 4 | B7: 7.5 | C7: =IF(C$2="","",SQRT(($B7-C$2)^2+D$2^2)) -> 88.76628 | D7: =SUMIFS(Tabelle1!$C$1:$C$1000,Tabelle1!$A$1:$A$1000,$A7+$S$4,Tabelle1!$B$1:$B$1000,D$1,Tabelle1!$D$1:$D$1000,$S$3) -> 67.1909 | E7: =IF(E$2="","",SQRT(($B7-E$2)^2+F$2^2)) -> 187.50683 | F7: =SUMIFS(Tabelle1!$C$1:$C$1000,Tabelle1!$A$1:$A$1000,$A7+$S$4,Tabelle1!$B$1:$B$1000,F$1,Tabelle1!$D$1:$D$1000,$S$3) -> 99.2845 | G7: =IF(G$2="","",SQRT(($B7-G$2)^2+H$2^2)) -> 10.160709 | H7: =SUMIFS(Tabelle1!$C$1:$C$1000,Tabelle1!$A$1:$A$1000,$A7+$S$4,Tabelle1!$B$1:$B$1000,H$1,Tabelle1!$D$1:$D$1000,$S$3) -> 23.6247 | I7: =IF(I$2="","",SQRT(($B7-I$2)^2+J$2^2)) | K7: =IF(K$2="","",SQRT(($B7-K$2)^2+L$2^2)) | M7: =IF(M$2="","",SQRT(($B7-M$2)^2+N$2^2)) | O7: =IF(O$2="","",SQRT(($B7-O$2)^2+P$2^2))
A8: 5 | B8: 10 | C8: =IF(C$2="","",SQRT(($B8-C$2)^2+D$2^2)) -> 86.266752 | D8: =SUMIFS(Tabelle1!$C$1:$C$1000,Tabelle1!$A$1:$A$1000,$A8+$S$4,Tabelle1!$B$1:$B$1000,D$1,Tabelle1!$D$1:$D$1000,$S$3) -> 66.3733 | E8: =IF(E$2="","",SQRT(($B8-E$2)^2+F$2^2)) -> 185.00692 | F8: =SUMIFS(Tabelle1!$C$1:$C$1000,Tabelle1!$A$1:$A$1000,$A8+$S$4,Tabelle1!$B$1:$B$1000,F$1,Tabelle1!$D$1:$D$1000,$S$3) -> 98.4669 | G8: =IF(G$2="","",SQRT(($B8-G$2)^2+H$2^2)) -> 12.628935 | H8: =SUMIFS(Tabelle1!$C$1:$C$1000,Tabelle1!$A$1:$A$1000,$A8+$S$4,Tabelle1!$B$1:$B$1000,H$1,Tabelle1!$D$1:$D$1000,$S$3) -> 28.8743 | I8: =IF(I$2="","",SQRT(($B8-I$2)^2+J$2^2)) | K8: =IF(K$2="","",SQRT(($B8-K$2)^2+L$2^2)) | M8: =IF(M$2="","",SQRT(($B8-M$2)^2+N$2^2)) | O8: =IF(O$2="","",SQRT(($B8-O$2)^2+P$2^2))
A9: 6 | B9: 15 | C9: =IF(C$2="","",SQRT(($B9-C$2)^2+D$2^2)) -> 81.267783 | D9: =SUMIFS(Tabelle1!$C$1:$C$1000,Tabelle1!$A$1:$A$1000,$A9+$S$4,Tabelle1!$B$1:$B$1000,D$1,Tabelle1!$D$1:$D$1000,$S$3) -> 63.7158 | E9: =IF(E$2="","",SQRT(($B9-E$2)^2+F$2^2)) -> 180.00711 | F9: =SUMIFS(Tabelle1!$C$1:$C$1000,Tabelle1!$A$1:$A$1000,$A9+$S$4,Tabelle1!$B$1:$B$1000,F$1,Tabelle1!$D$1:$D$1000,$S$3) -> 97.0359 | G9: =IF(G$2="","",SQRT(($B9-G$2)^2+H$2^2)) -> 17.592328 | H9: =SUMIFS(Tabelle1!$C$1:$C$1000,Tabelle1!$A$1:$A$1000,$A9+$S$4,Tabelle1!$B$1:$B$1000,H$1,Tabelle1!$D$1:$D$1000,$S$3) -> 32.7155 | I9: =IF(I$2="","",SQRT(($B9-I$2)^2+J$2^2)) | K9: =IF(K$2="","",SQRT(($B9-K$2)^2+L$2^2)) | M9: =IF(M$2="","",SQRT(($B9-M$2)^2+N$2^2)) | O9: =IF(O$2="","",SQRT(($B9-O$2)^2+P$2^2))
A10: 7 | B10: 20 | C10: =IF(C$2="","",SQRT(($B10-C$2)^2+D$2^2)) -> 76.268948 | D10: =SUMIFS(Tabelle1!$C$1:$C$1000,Tabelle1!$A$1:$A$1000,$A10+$S$4,Tabelle1!$B$1:$B$1000,D$1,Tabelle1!$D$1:$D$1000,$S$3) -> 61.8761 | E10: =IF(E$2="","",SQRT(($B10-E$2)^2+F$2^2)) -> 175.00731 | F10: =SUMIFS(Tabelle1!$C$1:$C$1000,Tabelle1!$A$1:$A$1000,$A10+$S$4,Tabelle1!$B$1:$B$1000,F$1,Tabelle1!$D$1:$D$1000,$S$3) -> 95.605 | G10: =IF(G$2="","",SQRT(($B10-G$2)^2+H$2^2)) -> 22.571885 | H10: =SUMIFS(Tabelle1!$C$1:$C$1000,Tabelle1!$A$1:$A$1000,$A10+$S$4,Tabelle1!$B$1:$B$1000,H$1,Tabelle1!$D$1:$D$1000,$S$3) -> 35.7884 | I10: =IF(I$2="","",SQRT(($B10-I$2)^2+J$2^2)) | K10: =IF(K$2="","",SQRT(($B10-K$2)^2+L$2^2)) | M10: =IF(M$2="","",SQRT(($B10-M$2)^2+N$2^2)) | O10: =IF(O$2="","",SQRT(($B10-O$2)^2+P$2^2))
A11: 8 | B11: 25 | C11: =IF(C$2="","",SQRT(($B11-C$2)^2+D$2^2)) -> 71.270278 | D11: =SUMIFS(Tabelle1!$C$1:$C$1000,Tabelle1!$A$1:$A$1000,$A11+$S$4,Tabelle1!$B$1:$B$1000,D$1,Tabelle1!$D$1:$D$1000,$S$3) -> 59.8319 | E11: =IF(E$2="","",SQRT(($B11-E$2)^2+F$2^2)) -> 170.00753 | F11: =SUMIFS(Tabelle1!$C$1:$C$1000,Tabelle1!$A$1:$A$1000,$A11+$S$4,Tabelle1!$B$1:$B$1000,F$1,Tabelle1!$D$1:$D$1000,$S$3) -> 94.3785 | G11: =IF(G$2="","",SQRT(($B11-G$2)^2+H$2^2)) -> 27.558846 | H11: =SUMIFS(Tabelle1!$C$1:$C$1000,Tabelle1!$A$1:$A$1000,$A11+$S$4,Tabelle1!$B$1:$B$1000,H$1,Tabelle1!$D$1:$D$1000,$S$3) -> 38.368 | I11: =IF(I$2="","",SQRT(($B11-I$2)^2+J$2^2)) | K11: =IF(K$2="","",SQRT(($B11-K$2)^2+L$2^2)) | M11: =IF(M$2="","",SQRT(($B11-M$2)^2+N$2^2)) | O11: =IF(O$2="","",SQRT(($B11-O$2)^2+P$2^2))
A12: 9 | B12: 30 | C12: =IF(C$2="","",SQRT(($B12-C$2)^2+D$2^2)) -> 66.271808 | D12: =SUMIFS(Tabelle1!$C$1:$C$1000,Tabelle1!$A$1:$A$1000,$A12+$S$4,Tabelle1!$B$1:$B$1000,D$1,Tabelle1!$D$1:$D$1000,$S$3) -> 57.1745 | E12: =IF(E$2="","",SQRT(($B12-E$2)^2+F$2^2)) -> 165.00776 | F12: =SUMIFS(Tabelle1!$C$1:$C$1000,Tabelle1!$A$1:$A$1000,$A12+$S$4,Tabelle1!$B$1:$B$1000,F$1,Tabelle1!$D$1:$D$1000,$S$3) -> 92.5387 | G12: =IF(G$2="","",SQRT(($B12-G$2)^2+H$2^2)) -> 32.549808 | H12: =SUMIFS(Tabelle1!$C$1:$C$1000,Tabelle1!$A$1:$A$1000,$A12+$S$4,Tabelle1!$B$1:$B$1000,H$1,Tabelle1!$D$1:$D$1000,$S$3) -> 41.1661 | I12: =IF(I$2="","",SQRT(($B12-I$2)^2+J$2^2)) | K12: =IF(K$2="","",SQRT(($B12-K$2)^2+L$2^2)) | M12: =IF(M$2="","",SQRT(($B12-M$2)^2+N$2^2)) | O12: =IF(O$2="","",SQRT(($B12-O$2)^2+P$2^2))
A13: 10 | B13: 35 | C13: =IF(C$2="","",SQRT(($B13-C$2)^2+D$2^2)) -> 61.273587 | D13: =SUMIFS(Tabelle1!$C$1:$C$1000,Tabelle1!$A$1:$A$1000,$A13+$S$4,Tabelle1!$B$1:$B$1000,D$1,Tabelle1!$D$1:$D$1000,$S$3) -> 54.517 | E13: =IF(E$2="","",SQRT(($B13-E$2)^2+F$2^2)) -> 160.008 | F13: =SUMIFS(Tabelle1!$C$1:$C$1000,Tabelle1!$A$1:$A$1000,$A13+$S$4,Tabelle1!$B$1:$B$1000,F$1,Tabelle1!$D$1:$D$1000,$S$3) -> 90.4946 | G13: =IF(G$2="","",SQRT(($B13-G$2)^2+H$2^2)) -> 37.543175 | H13: =SUMIFS(Tabelle1!$C$1:$C$1000,Tabelle1!$A$1:$A$1000,$A13+$S$4,Tabelle1!$B$1:$B$1000,H$1,Tabelle1!$D$1:$D$1000,$S$3) -> 43.7268 | I13: =IF(I$2="","",SQRT(($B13-I$2)^2+J$2^2)) | K13: =IF(K$2="","",SQRT(($B13-K$2)^2+L$2^2)) | M13: =IF(M$2="","",SQRT(($B13-M$2)^2+N$2^2)) | O13: =IF(O$2="","",SQRT(($B13-O$2)^2+P$2^2))
A14: 11 | B14: 40 | C14: =IF(C$2="","",SQRT(($B14-C$2)^2+D$2^2)) -> 56.275683 | D14: =SUMIFS(Tabelle1!$C$1:$C$1000,Tabelle1!$A$1:$A$1000,$A14+$S$4,Tabelle1!$B$1:$B$1000,D$1,Tabelle1!$D$1:$D$1000,$S$3) -> 51.2464 | E14: =IF(E$2="","",SQRT(($B14-E$2)^2+F$2^2)) -> 155.00826 | F14: =SUMIFS(Tabelle1!$C$1:$C$1000,Tabelle1!$A$1:$A$1000,$A14+$S$4,Tabelle1!$B$1:$B$1000,F$1,Tabelle1!$D$1:$D$1000,$S$3) -> 88.8592 | G14: =IF(G$2="","",SQRT(($B14-G$2)^2+H$2^2)) -> 42.538101 | H14: =SUMIFS(Tabelle1!$C$1:$C$1000,Tabelle1!$A$1:$A$1000,$A14+$S$4,Tabelle1!$B$1:$B$1000,H$1,Tabelle1!$D$1:$D$1000,$S$3) -> 46.2876 | I14: =IF(I$2="","",SQRT(($B14-I$2)^2+J$2^2)) | K14: =IF(K$2="","",SQRT(($B14-K$2)^2+L$2^2)) | M14: =IF(M$2="","",SQRT(($B14-M$2)^2+N$2^2)) | O14: =IF(O$2="","",SQRT(($B14-O$2)^2+P$2^2))
A15: 12 | B15: 45 | C15: =IF(C$2="","",SQRT(($B15-C$2)^2+D$2^2)) -> 51.278187 | D15: =SUMIFS(Tabelle1!$C$1:$C$1000,Tabelle1!$A$1:$A$1000,$A15+$S$4,Tabelle1!$B$1:$B$1000,D$1,Tabelle1!$D$1:$D$1000,$S$3) -> 48.7934 | E15: =IF(E$2="","",SQRT(($B15-E$2)^2+F$2^2)) -> 150.00853 | F15: =SUMIFS(Tabelle1!$C$1:$C$1000,Tabelle1!$A$1:$A$1000,$A15+$S$4,Tabelle1!$B$1:$B$1000,F$1,Tabelle1!$D$1:$D$1000,$S$3) -> 87.2239 | G15: =IF(G$2="","",SQRT(($B15-G$2)^2+H$2^2)) -> 47.534093 | H15: =SUMIFS(Tabelle1!$C$1:$C$1000,Tabelle1!$A$1:$A$1000,$A15+$S$4,Tabelle1!$B$1:$B$1000,H$1,Tabelle1!$D$1:$D$1000,$S$3) -> 49.1045 | I15: =IF(I$2="","",SQRT(($B15-I$2)^2+J$2^2)) | K15: =IF(K$2="","",SQRT(($B15-K$2)^2+L$2^2)) | M15: =IF(M$2="","",SQRT(($B15-M$2)^2+N$2^2)) | O15: =IF(O$2="","",SQRT(($B15-O$2)^2+P$2^2))
A16: 13 | B16: 50 | C16: =IF(C$2="","",SQRT(($B16-C$2)^2+D$2^2)) -> 46.281233 | D16: =SUMIFS(Tabelle1!$C$1:$C$1000,Tabelle1!$A$1:$A$1000,$A16+$S$4,Tabelle1!$B$1:$B$1000,D$1,Tabelle1!$D$1:$D$1000,$S$3) -> 46.1359 | E16: =IF(E$2="","",SQRT(($B16-E$2)^2+F$2^2)) -> 145.00883 | F16: =SUMIFS(Tabelle1!$C$1:$C$1000,Tabelle1!$A$1:$A$1000,$A16+$S$4,Tabelle1!$B$1:$B$1000,F$1,Tabelle1!$D$1:$D$1000,$S$3) -> 85.5885 | G16: =IF(G$2="","",SQRT(($B16-G$2)^2+H$2^2)) -> 52.530848 | H16: =SUMIFS(Tabelle1!$C$1:$C$1000,Tabelle1!$A$1:$A$1000,$A16+$S$4,Tabelle1!$B$1:$B$1000,H$1,Tabelle1!$D$1:$D$1000,$S$3) -> 51.9213 | I16: =IF(I$2="","",SQRT(($B16-I$2)^2+J$2^2)) | K16: =IF(K$2="","",SQRT(($B16-K$2)^2+L$2^2)) | M16: =IF(M$2="","",SQRT(($B16-M$2)^2+N$2^2)) | O16: =IF(O$2="","",SQRT(($B16-O$2)^2+P$2^2))
... A51: 48 | B51: 192.5 | C51: =IF(C$2="","",SQRT(($B51-C$2)^2+D$2^2)) -> 96.265012 | D51: =SUMIFS(Tabelle1!$C$1:$C$1000,Tabelle1!$A$1:$A$1000,$A51+$S$4,Tabelle1!$B$1:$B$1000,D$1,Tabelle1!$D$1:$D$1000,$S$3) -> 70.6661 | E51: =IF(E$2="","",SQRT(($B51-E$2)^2+F$2^2)) -> 2.9681644 | F51: =SUMIFS(Tabelle1!$C$1:$C$1000,Tabelle1!$A$1:$A$1000,$A51+$S$4,Tabelle1!$B$1:$B$1000,F$1,Tabelle1!$D$1:$D$1000,$S$3) -> 5.45678 | G51: =IF(G$2="","",SQRT(($B51-G$2)^2+H$2^2)) -> 195.00831 | H51: =SUMIFS(Tabelle1!$C$1:$C$1000,Tabelle1!$A$1:$A$1000,$A51+$S$4,Tabelle1!$B$1:$B$1000,H$1,Tabelle1!$D$1:$D$1000,$S$3) -> 99.8079 | I51: =IF(I$2="","",SQRT(($B51-I$2)^2+J$2^2)) | K51: =IF(K$2="","",SQRT(($B51-K$2)^2+L$2^2)) | M51: =IF(M$2="","",SQRT(($B51-M$2)^2+N$2^2)) | O51: =IF(O$2="","",SQRT(($B51-O$2)^2+P$2^2))
I52: =IF(I$2="","",SQRT(($B52-I$2)^2+J$2^2)) | K52: =IF(K$2="","",SQRT(($B52-K$2)^2+L$2^2)) | M52: =IF(M$2="","",SQRT(($B52-M$2)^2+N$2^2)) | O52: =IF(O$2="","",SQRT(($B52-O$2)^2+P$2^2))
I53: =IF(I$2="","",SQRT(($B53-I$2)^2+J$2^2)) | K53: =IF(K$2="","",SQRT(($B53-K$2)^2+L$2^2)) | M53: =IF(M$2="","",SQRT(($B53-M$2)^2+N$2^2)) | O53: =IF(O$2="","",SQRT(($B53-O$2)^2+P$2^2))
I54: =IF(I$2="","",SQRT(($B54-I$2)^2+J$2^2)) | K54: =IF(K$2="","",SQRT(($B54-K$2)^2+L$2^2)) | M54: =IF(M$2="","",SQRT(($B54-M$2)^2+N$2^2)) | O54: =IF(O$2="","",SQRT(($B54-O$2)^2+P$2^2))
I55: =IF(I$2="","",SQRT(($B55-I$2)^2+J$2^2)) | K55: =IF(K$2="","",SQRT(($B55-K$2)^2+L$2^2)) | M55: =IF(M$2="","",SQRT(($B55-M$2)^2+N$2^2)) | O55: =IF(O$2="","",SQRT(($B55-O$2)^2+P$2^2))
I56: =IF(I$2="","",SQRT(($B56-I$2)^2+J$2^2)) | K56: =IF(K$2="","",SQRT(($B56-K$2)^2+L$2^2)) | M56: =IF(M$2="","",SQRT(($B56-M$2)^2+N$2^2)) | O56: =IF(O$2="","",SQRT(($B56-O$2)^2+P$2^2))
I57: =IF(I$2="","",SQRT(($B57-I$2)^2+J$2^2)) | K57: =IF(K$2="","",SQRT(($B57-K$2)^2+L$2^2)) | M57: =IF(M$2="","",SQRT(($B57-M$2)^2+N$2^2)) | O57: =IF(O$2="","",SQRT(($B57-O$2)^2+P$2^2))
B60: WEITER

Sheet T0_Korrektur
B1: SP_x | C1: =IF('Picks importieren'!C2="","",'Picks importieren'!C2) -> 96.25 | D1: =IF('Picks importieren'!D2="","",'Picks importieren'!D2) -> 1.7 | E1: =IF('Picks importieren'!E2="","",'Picks importieren'!E2) -> 195 | F1: =IF('Picks importieren'!F2="","",'Picks importieren'!F2) -> 1.6 | G1: =IF('Picks importieren'!G2="","",'Picks importieren'!G2) -> -2.5 | H1: =IF('Picks importieren'!H2="","",'Picks importieren'!H2) -> 1.8 | I1: =IF('Picks importieren'!I2="","",'Picks importieren'!I2) | J1: =IF('Picks importieren'!J2="","",'Picks importieren'!J2) | ... P1: =IF('Picks importieren'!P2="","",'Picks importieren'!P2)
A2: Trace | B2: m | C2: x | D2: T zentral | E2: x | F2: T off-end - | G2: x | H2: T off-end + | I2: x | J2: T fern - | K2: x | L2: T fern + | M2: x | N2: T fern - - | O2: x | P2: T fern + +
A3: 1 | B3: ='Picks importieren'!B4 -> 0 | C3: =IF(C$1="","",SQRT(($B3-C$1)^2+D$1^2)) -> 96.265012 | D3: ='Picks importieren'!D4+'Picks importieren'!$S$2 -> 69.4395 | E3: =IF(E$1="","",SQRT(($B3-E$1)^2+F$1^2)) -> 195.00656 | F3: ='Picks importieren'!F4+'Picks importieren'!$S$2 -> 100.92 | G3: =IF(G$1="","",SQRT(($B3-G$1)^2+H$1^2)) -> 3.0805844 | H3: ='Picks importieren'!H4+'Picks importieren'!$S$2 -> 7.90979 | I3: =IF(I$1="",-999,SQRT(($B3-I$1)^2+J$1^2)) -> -999 | J3: =IF('Picks importieren'!J4="",-999,'Picks importieren'!J4+'Picks importieren'!$S$2) -> -999 | K3: =IF(K$1="",-999,SQRT(($B3-K$1)^2+L$1^2)) -> -999 | L3: =IF('Picks importieren'!L4="",-999,'Picks importieren'!L4+'Picks importieren'!$S$2) -> -999 | M3: =IF(M$1="",-999,SQRT(($B3-M$1)^2+N$1^2)) -> -999 | N3: =IF('Picks importieren'!N4="",-999,'Picks importieren'!N4+'Picks importieren'!$S$2) -> -999 | O3: =IF(O$1="",-999,SQRT(($B3-O$1)^2+P$1^2)) -> -999 | P3: =IF('Picks importieren'!P4="",-999,'Picks importieren'!P4+'Picks importieren'!$S$2) -> -999
A4: 2 | B4: ='Picks importieren'!B5 -> 2.5 | C4: =IF(C$1="","",SQRT(($B4-C$1)^2+D$1^2)) -> 93.765412 | D4: ='Picks importieren'!D5+'Picks importieren'!$S$2 -> 68.8263 | E4: =IF(E$1="","",SQRT(($B4-E$1)^2+F$1^2)) -> 192.50665 | F4: ='Picks importieren'!F5+'Picks importieren'!$S$2 -> 100.511 | G4: =IF(G$1="","",SQRT(($B4-G$1)^2+H$1^2)) -> 5.3141321 | H4: ='Picks importieren'!H5+'Picks importieren'!$S$2 -> 13.6335 | I4: =IF(I$1="",-999,SQRT(($B4-I$1)^2+J$1^2)) -> -999 | J4: =IF('Picks importieren'!J5="",-999,'Picks importieren'!J5+'Picks importieren'!$S$2) -> -999 | K4: =IF(K$1="",-999,SQRT(($B4-K$1)^2+L$1^2)) -> -999 | L4: =IF('Picks importieren'!L5="",-999,'Picks importieren'!L5+'Picks importieren'!$S$2) -> -999 | M4: =IF(M$1="",-999,SQRT(($B4-M$1)^2+N$1^2)) -> -999 | N4: =IF('Picks importieren'!N5="",-999,'Picks importieren'!N5+'Picks importieren'!$S$2) -> -999 | O4: =IF(O$1="",-999,SQRT(($B4-O$1)^2+P$1^2)) -> -999 | P4: =IF('Picks importieren'!P5="",-999,'Picks importieren'!P5+'Picks importieren'!$S$2) -> -999
A5: 3 | B5: ='Picks importieren'!B6 -> 5 | C5: =IF(C$1="","",SQRT(($B5-C$1)^2+D$1^2)) -> 91.265834 | D5: ='Picks importieren'!D6+'Picks importieren'!$S$2 -> 68.0086 | E5: =IF(E$1="","",SQRT(($B5-E$1)^2+F$1^2)) -> 190.00674 | F5: ='Picks importieren'!F6+'Picks importieren'!$S$2 -> 100.102 | G5: =IF(G$1="","",SQRT(($B5-G$1)^2+H$1^2)) -> 7.7129761 | H5: ='Picks importieren'!H6+'Picks importieren'!$S$2 -> 18.5032 | I5: =IF(I$1="",-999,SQRT(($B5-I$1)^2+J$1^2)) -> -999 | J5: =IF('Picks importieren'!J6="",-999,'Picks importieren'!J6+'Picks importieren'!$S$2) -> -999 | K5: =IF(K$1="",-999,SQRT(($B5-K$1)^2+L$1^2)) -> -999 | L5: =IF('Picks importieren'!L6="",-999,'Picks importieren'!L6+'Picks importieren'!$S$2) -> -999 | M5: =IF(M$1="",-999,SQRT(($B5-M$1)^2+N$1^2)) -> -999 | N5: =IF('Picks importieren'!N6="",-999,'Picks importieren'!N6+'Picks importieren'!$S$2) -> -999 | O5: =IF(O$1="",-999,SQRT(($B5-O$1)^2+P$1^2)) -> -999 | P5: =IF('Picks importieren'!P6="",-999,'Picks importieren'!P6+'Picks importieren'!$S$2) -> -999
A6: 4 | B6: ='Picks importieren'!B7 -> 7.5 | C6: =IF(C$1="","",SQRT(($B6-C$1)^2+D$1^2)) -> 88.76628 | D6: ='Picks importieren'!D7+'Picks importieren'!$S$2 -> 67.1909 | E6: =IF(E$1="","",SQRT(($B6-E$1)^2+F$1^2)) -> 187.50683 | F6: ='Picks importieren'!F7+'Picks importieren'!$S$2 -> 99.2845 | G6: =IF(G$1="","",SQRT(($B6-G$1)^2+H$1^2)) -> 10.160709 | H6: ='Picks importieren'!H7+'Picks importieren'!$S$2 -> 23.6247 | I6: =IF(I$1="",-999,SQRT(($B6-I$1)^2+J$1^2)) -> -999 | J6: =IF('Picks importieren'!J7="",-999,'Picks importieren'!J7+'Picks importieren'!$S$2) -> -999 | K6: =IF(K$1="",-999,SQRT(($B6-K$1)^2+L$1^2)) -> -999 | L6: =IF('Picks importieren'!L7="",-999,'Picks importieren'!L7+'Picks importieren'!$S$2) -> -999 | M6: =IF(M$1="",-999,SQRT(($B6-M$1)^2+N$1^2)) -> -999 | N6: =IF('Picks importieren'!N7="",-999,'Picks importieren'!N7+'Picks importieren'!$S$2) -> -999 | O6: =IF(O$1="",-999,SQRT(($B6-O$1)^2+P$1^2)) -> -999 | P6: =IF('Picks importieren'!P7="",-999,'Picks importieren'!P7+'Picks importieren'!$S$2) -> -999
A7: 5 | B7: ='Picks importieren'!B8 -> 10 | C7: =IF(C$1="","",SQRT(($B7-C$1)^2+D$1^2)) -> 86.266752 | D7: ='Picks importieren'!D8+'Picks importieren'!$S$2 -> 66.3733 | E7: =IF(E$1="","",SQRT(($B7-E$1)^2+F$1^2)) -> 185.00692 | F7: ='Picks importieren'!F8+'Picks importieren'!$S$2 -> 98.4669 | G7: =IF(G$1="","",SQRT(($B7-G$1)^2+H$1^2)) -> 12.628935 | H7: ='Picks importieren'!H8+'Picks importieren'!$S$2 -> 28.8743 | I7: =IF(I$1="",-999,SQRT(($B7-I$1)^2+J$1^2)) -> -999 | J7: =IF('Picks importieren'!J8="",-999,'Picks importieren'!J8+'Picks importieren'!$S$2) -> -999 | K7: =IF(K$1="",-999,SQRT(($B7-K$1)^2+L$1^2)) -> -999 | L7: =IF('Picks importieren'!L8="",-999,'Picks importieren'!L8+'Picks importieren'!$S$2) -> -999 | M7: =IF(M$1="",-999,SQRT(($B7-M$1)^2+N$1^2)) -> -999 | N7: =IF('Picks importieren'!N8="",-999,'Picks importieren'!N8+'Picks importieren'!$S$2) -> -999 | O7: =IF(O$1="",-999,SQRT(($B7-O$1)^2+P$1^2)) -> -999 | P7: =IF('Picks importieren'!P8="",-999,'Picks importieren'!P8+'Picks importieren'!$S$2) -> -999
A8: 6 | B8: ='Picks importieren'!B9 -> 15 | C8: =IF(C$1="","",SQRT(($B8-C$1)^2+D$1^2)) -> 81.267783 | D8: ='Picks importieren'!D9+'Picks importieren'!$S$2 -> 63.7158 | E8: =IF(E$1="","",SQRT(($B8-E$1)^2+F$1^2)) -> 180.00711 | F8: ='Picks importieren'!F9+'Picks importieren'!$S$2 -> 97.0359 | G8: =IF(G$1="","",SQRT(($B8-G$1)^2+H$1^2)) -> 17.592328 | H8: ='Picks importieren'!H9+'Picks importieren'!$S$2 -> 32.7155 | I8: =IF(I$1="",-999,SQRT(($B8-I$1)^2+J$1^2)) -> -999 | J8: =IF('Picks importieren'!J9="",-999,'Picks importieren'!J9+'Picks importieren'!$S$2) -> -999 | K8: =IF(K$1="",-999,SQRT(($B8-K$1)^2+L$1^2)) -> -999 | L8: =IF('Picks importieren'!L9="",-999,'Picks importieren'!L9+'Picks importieren'!$S$2) -> -999 | M8: =IF(M$1="",-999,SQRT(($B8-M$1)^2+N$1^2)) -> -999 | N8: =IF('Picks importieren'!N9="",-999,'Picks importieren'!N9+'Picks importieren'!$S$2) -> -999 | O8: =IF(O$1="",-999,SQRT(($B8-O$1)^2+P$1^2)) -> -999 | P8: =IF('Picks importieren'!P9="",-999,'Picks importieren'!P9+'Picks importieren'!$S$2) -> -999
A9: 7 | B9: ='Picks importieren'!B10 -> 20 | C9: =IF(C$1="","",SQRT(($B9-C$1)^2+D$1^2)) -> 76.268948 | D9: ='Picks importieren'!D10+'Picks importieren'!$S$2 -> 61.8761 | E9: =IF(E$1="","",SQRT(($B9-E$1)^2+F$1^2)) -> 175.00731 | F9: ='Picks importieren'!F10+'Picks importieren'!$S$2 -> 95.605 | G9: =IF(G$1="","",SQRT(($B9-G$1)^2+H$1^2)) -> 22.571885 | H9: ='Picks importieren'!H10+'Picks importieren'!$S$2 -> 35.7884 | I9: =IF(I$1="",-999,SQRT(($B9-I$1)^2+J$1^2)) -> -999 | J9: =IF('Picks importieren'!J10="",-999,'Picks importieren'!J10+'Picks importieren'!$S$2) -> -999 | K9: =IF(K$1="",-999,SQRT(($B9-K$1)^2+L$1^2)) -> -999 | L9: =IF('Picks importieren'!L10="",-999,'Picks importieren'!L10+'Picks importieren'!$S$2) -> -999 | M9: =IF(M$1="",-999,SQRT(($B9-M$1)^2+N$1^2)) -> -999 | N9: =IF('Picks importieren'!N10="",-999,'Picks importieren'!N10+'Picks importieren'!$S$2) -> -999 | O9: =IF(O$1="",-999,SQRT(($B9-O$1)^2+P$1^2)) -> -999 | P9: =IF('Picks importieren'!P10="",-999,'Picks importieren'!P10+'Picks importieren'!$S$2) -> -999
A10: 8 | B10: ='Picks importieren'!B11 -> 25 | C10: =IF(C$1="","",SQRT(($B10-C$1)^2+D$1^2)) -> 71.270278 | D10: ='Picks importieren'!D11+'Picks importieren'!$S$2 -> 59.8319 | E10: =IF(E$1="","",SQRT(($B10-E$1)^2+F$1^2)) -> 170.00753 | F10: ='Picks importieren'!F11+'Picks importieren'!$S$2 -> 94.3785 | G10: =IF(G$1="","",SQRT(($B10-G$1)^2+H$1^2)) -> 27.558846 | H10: ='Picks importieren'!H11+'Picks importieren'!$S$2 -> 38.368 | I10: =IF(I$1="",-999,SQRT(($B10-I$1)^2+J$1^2)) -> -999 | J10: =IF('Picks importieren'!J11="",-999,'Picks importieren'!J11+'Picks importieren'!$S$2) -> -999 | K10: =IF(K$1="",-999,SQRT(($B10-K$1)^2+L$1^2)) -> -999 | L10: =IF('Picks importieren'!L11="",-999,'Picks importieren'!L11+'Picks importieren'!$S$2) -> -999 | M10: =IF(M$1="",-999,SQRT(($B10-M$1)^2+N$1^2)) -> -999 | N10: =IF('Picks importieren'!N11="",-999,'Picks importieren'!N11+'Picks importieren'!$S$2) -> -999 | O10: =IF(O$1="",-999,SQRT(($B10-O$1)^2+P$1^2)) -> -999 | P10: =IF('Picks importieren'!P11="",-999,'Picks importieren'!P11+'Picks importieren'!$S$2) -> -999
A11: 9 | B11: ='Picks importieren'!B12 -> 30 | C11: =IF(C$1="","",SQRT(($B11-C$1)^2+D$1^2)) -> 66.271808 | D11: ='Picks importieren'!D12+'Picks importieren'!$S$2 -> 57.1745 | E11: =IF(E$1="","",SQRT(($B11-E$1)^2+F$1^2)) -> 165.00776 | F11: ='Picks importieren'!F12+'Picks importieren'!$S$2 -> 92.5387 | G11: =IF(G$1="","",SQRT(($B11-G$1)^2+H$1^2)) -> 32.549808 | H11: ='Picks importieren'!H12+'Picks importieren'!$S$2 -> 41.1661 | I11: =IF(I$1="",-999,SQRT(($B11-I$1)^2+J$1^2)) -> -999 | J11: =IF('Picks importieren'!J12="",-999,'Picks importieren'!J12+'Picks importieren'!$S$2) -> -999 | K11: =IF(K$1="",-999,SQRT(($B11-K$1)^2+L$1^2)) -> -999 | L11: =IF('Picks importieren'!L12="",-999,'Picks importieren'!L12+'Picks importieren'!$S$2) -> -999 | M11: =IF(M$1="",-999,SQRT(($B11-M$1)^2+N$1^2)) -> -999 | N11: =IF('Picks importieren'!N12="",-999,'Picks importieren'!N12+'Picks importieren'!$S$2) -> -999 | O11: =IF(O$1="",-999,SQRT(($B11-O$1)^2+P$1^2)) -> -999 | P11: =IF('Picks importieren'!P12="",-999,'Picks importieren'!P12+'Picks importieren'!$S$2) -> -999
A12: 10 | B12: ='Picks importieren'!B13 -> 35 | C12: =IF(C$1="","",SQRT(($B12-C$1)^2+D$1^2)) -> 61.273587 | D12: ='Picks importieren'!D13+'Picks importieren'!$S$2 -> 54.517 | E12: =IF(E$1="","",SQRT(($B12-E$1)^2+F$1^2)) -> 160.008 | F12: ='Picks importieren'!F13+'Picks importieren'!$S$2 -> 90.4946 | G12: =IF(G$1="","",SQRT(($B12-G$1)^2+H$1^2)) -> 37.543175 | H12: ='Picks importieren'!H13+'Picks importieren'!$S$2 -> 43.7268 | I12: =IF(I$1="",-999,SQRT(($B12-I$1)^2+J$1^2)) -> -999 | J12: =IF('Picks importieren'!J13="",-999,'Picks importieren'!J13+'Picks importieren'!$S$2) -> -999 | K12: =IF(K$1="",-999,SQRT(($B12-K$1)^2+L$1^2)) -> -999 | L12: =IF('Picks importieren'!L13="",-999,'Picks importieren'!L13+'Picks importieren'!$S$2) -> -999 | M12: =IF(M$1="",-999,SQRT(($B12-M$1)^2+N$1^2)) -> -999 | N12: =IF('Picks importieren'!N13="",-999,'Picks importieren'!N13+'Picks importieren'!$S$2) -> -999 | O12: =IF(O$1="",-999,SQRT(($B12-O$1)^2+P$1^2)) -> -999 | P12: =IF('Picks importieren'!P13="",-999,'Picks importieren'!P13+'Picks importieren'!$S$2) -> -999
A13: 11 | B13: ='Picks importieren'!B14 -> 40 | C13: =IF(C$1="","",SQRT(($B13-C$1)^2+D$1^2)) -> 56.275683 | D13: ='Picks importieren'!D14+'Picks importieren'!$S$2 -> 51.2464 | E13: =IF(E$1="","",SQRT(($B13-E$1)^2+F$1^2)) -> 155.00826 | F13: ='Picks importieren'!F14+'Picks importieren'!$S$2 -> 88.8592 | G13: =IF(G$1="","",SQRT(($B13-G$1)^2+H$1^2)) -> 42.538101 | H13: ='Picks importieren'!H14+'Picks importieren'!$S$2 -> 46.2876 | I13: =IF(I$1="",-999,SQRT(($B13-I$1)^2+J$1^2)) -> -999 | J13: =IF('Picks importieren'!J14="",-999,'Picks importieren'!J14+'Picks importieren'!$S$2) -> -999 | K13: =IF(K$1="",-999,SQRT(($B13-K$1)^2+L$1^2)) -> -999 | L13: =IF('Picks importieren'!L14="",-999,'Picks importieren'!L14+'Picks importieren'!$S$2) -> -999 | M13: =IF(M$1="",-999,SQRT(($B13-M$1)^2+N$1^2)) -> -999 | N13: =IF('Picks importieren'!N14="",-999,'Picks importieren'!N14+'Picks importieren'!$S$2) -> -999 | O13: =IF(O$1="",-999,SQRT(($B13-O$1)^2+P$1^2)) -> -999 | P13: =IF('Picks importieren'!P14="",-999,'Picks importieren'!P14+'Picks importieren'!$S$2) -> -999
A14: 12 | B14: ='Picks importieren'!B15 -> 45 | C14: =IF(C$1="","",SQRT(($B14-C$1)^2+D$1^2)) -> 51.278187 | D14: ='Picks importieren'!D15+'Picks importieren'!$S$2 -> 48.7934 | E14: =IF(E$1="","",SQRT(($B14-E$1)^2+F$1^2)) -> 150.00853 | F14: ='Picks importieren'!F15+'Picks importieren'!$S$2 -> 87.2239 | G14: =IF(G$1="","",SQRT(($B14-G$1)^2+H$1^2)) -> 47.534093 | H14: ='Picks importieren'!H15+'Picks importieren'!$S$2 -> 49.1045 | I14: =IF(I$1="",-999,SQRT(($B14-I$1)^2+J$1^2)) -> -999 | J14: =IF('Picks importieren'!J15="",-999,'Picks importieren'!J15+'Picks importieren'!$S$2) -> -999 | K14: =IF(K$1="",-999,SQRT(($B14-K$1)^2+L$1^2)) -> -999 | L14: =IF('Picks importieren'!L15="",-999,'Picks importieren'!L15+'Picks importieren'!$S$2) -> -999 | M14: =IF(M$1="",-999,SQRT(($B14-M$1)^2+N$1^2)) -> -999 | N14: =IF('Picks importieren'!N15="",-999,'Picks importieren'!N15+'Picks importieren'!$S$2) -> -999 | O14: =IF(O$1="",-999,SQRT(($B14-O$1)^2+P$1^2)) -> -999 | P14: =IF('Picks importieren'!P15="",-999,'Picks importieren'!P15+'Picks importieren'!$S$2) -> -999
... A50: 48 | B50: ='Picks importieren'!B51 -> 192.5 | C50: =IF(C$1="","",SQRT(($B50-C$1)^2+D$1^2)) -> 96.265012 | D50: ='Picks importieren'!D51+'Picks importieren'!$S$2 -> 70.6661 | E50: =IF(E$1="","",SQRT(($B50-E$1)^2+F$1^2)) -> 2.9681644 | F50: ='Picks importieren'!F51+'Picks importieren'!$S$2 -> 5.45678 | G50: =IF(G$1="","",SQRT(($B50-G$1)^2+H$1^2)) -> 195.00831 | H50: ='Picks importieren'!H51+'Picks importieren'!$S$2 -> 99.8079 | I50: =IF(I$1="",-999,SQRT(($B50-I$1)^2+J$1^2)) -> -999 | J50: =IF('Picks importieren'!J51="",-999,'Picks importieren'!J51+'Picks importieren'!$S$2) -> -999 | K50: =IF(K$1="",-999,SQRT(($B50-K$1)^2+L$1^2)) -> -999 | L50: =IF('Picks importieren'!L51="",-999,'Picks importieren'!L51+'Picks importieren'!$S$2) -> -999 | M50: =IF(M$1="",-999,SQRT(($B50-M$1)^2+N$1^2)) -> -999 | N50: =IF('Picks importieren'!N51="",-999,'Picks importieren'!N51+'Picks importieren'!$S$2) -> -999 | O50: =IF(O$1="",-999,SQRT(($B50-O$1)^2+P$1^2)) -> -999 | P50: =IF('Picks importieren'!P51="",-999,'Picks importieren'!P51+'Picks importieren'!$S$2) -> -999
B59: WEITER

Sheet Laufzeitkurven
P1: Version 2.5, 48 channels
B2: Name eingeben: | C2: LVL 150 | F2: Projekt: | G2: 3D-Seismik Erfurt 2026
D49: Auswertung als 2-Schichtfall nach Hagedoorn (Plus-Minus-Methode) | J49: Auswertung als 3-Schichtfall (statistische Auswertung)

Sheet Auswertung 2-Schicht
U1: =Laufzeitkurven!P1 -> Version 2.5, 48 channels
B2: Steigung | C2: Zentral - | D2: Zentral + | E2: Off-end - | F2: Off-end + | G2: Steigung | H2: Plus-Zeiten | I2: Fern - | J2: Fern + | K2: Fern -- | L2: Fern ++ | N2: v0 Zentral | O2: =IF(AND(C5="",D5=""),"",AVERAGE(C5,D5)) -> 557.41929 | P2: m/s | R2: Darstellung der theoretischen LZK mit Picks
B3: von [m] | C3: 80 | D3: 96 | E3: 182 | F3: 0 | G3: von [m] | H3: 10 | N3: v0 Off-end | O3: =IF(AND(E5="",F5=""),"",AVERAGE(E5,F5)) -> 490.97888 | P3: m/s
B4: bis [m] | C4: 96 | D4: 113 | E4: 195 | F4: 10 | G4: bis [m] | H4: 178 | N4: v0 Gesamt | O4: =IF(AND(O3="",O2=""),"",AVERAGE(O3,O2)) -> 524.19908 | P4: m/s
B5: v0 | C5: =IF(C3="","",1000/ABS(SLOPE(Hilfsdaten!B4:B57,Hilfsdaten!$A4:$A57))) -> 557.60295 | D5: =IF(D3="","",1000/ABS(SLOPE(Hilfsdaten!C4:C57,Hilfsdaten!$A4:$A57))) -> 557.23563 | E5: =IF(E3="","",1000/ABS(SLOPE(Hilfsdaten!D4:D57,Hilfsdaten!$A4:$A57))) -> 525.28947 | F5: =IF(F3="","",1000/ABS(SLOPE(Hilfsdaten!E4:E57,Hilfsdaten!$A4:$A57))) -> 456.66829 | G5: v1 | H5: =IF(H3="","",2000/ABS(SLOPE(Hilfsdaten!F4:F57,Hilfsdaten!$A4:$A57))) -> 2560.0779 | I5: =IF(I3="","",1000/ABS(SLOPE(Hilfsdaten!H4:H57,Hilfsdaten!$A4:$A57))) | J5: =IF(J3="","",1000/ABS(SLOPE(Hilfsdaten!I4:I57,Hilfsdaten!$A4:$A57))) | K5: =IF(K3="","",1000/ABS(SLOPE(Hilfsdaten!J4:J57,Hilfsdaten!$A4:$A57))) | L5: =IF(L3="","",1000/ABS(SLOPE(Hilfsdaten!K4:K57,Hilfsdaten!$A4:$A57))) | N5: v1 Off-end | O5: =H5 -> 2560.0779 | P5: m/s
G6: ti1 | H6: =IF(H3="","",AVERAGE(Hilfsdaten!G4:G57)) -> 37.115247 | N6: v1 Fern | O6: =IF(AND(I5="",J5="",K5="",L5=""),"",AVERAGE(I5:L5)) | P6: m/s
B7: Auswahl Anregungspunkte zur Berechnung Plus- und Minuszeiten | N7: v1 Gesamt | O7: =IF(AND(O6="",O5=""),"",AVERAGE(O6,O5)) -> 2560.0779 | P7: m/s
B8: (Off-end = 1; Fern = 2; Fern2 = 3): | H8: 1 | N8: ti1 | O8: =H6 -> 37.115247 | P8: ms
N9: h0 | O9: =IF(O8="","",O8*O3*O5/(2000*SQRT(O5^2-O3^2))) -> 9.2837314 | P9: m
B10: In rot umrandeten Zellen Start und Ende der Zahlenbereiche für Anstieg anpassen (Mauszeiger über entsprechenden Pick im Diagramm halten), entsprechend der linearen Bereiche der Laufzeitkurven!

Sheet Auswertung 3-Schicht
U1: =Laufzeitkurven!P1 -> Version 2.5, 48 channels
C2: Steigung | D2: Zentral - | E2: Zentral + | F2: Off-end - | G2: Off-end + | H2: Fern - | I2: Fern + | J2: Fern -- | K2: Fern ++ | M2: v0 Zentral | N2: =IF(AND(D5="",E5=""),"",AVERAGE(D5,E5)) -> 557.41929 | O2: m/s | R2: Darstellung der theoretischen LZK mit Picks
B3: v0 | C3: von [m] | D3: 80 | E3: 96 | F3: 177 | G3: 0 | M3: v0 Off-end | N3: =IF(AND(G5="",F5=""),"",AVERAGE(G5,F5)) -> 514.24055 | O3: m/s
C4: bis [m] | D4: 96 | E4: 113 | F4: 193 | G4: 10 | M4: v0 Gesamt | N4: =IF(AND(N3="",N2=""),"",AVERAGE(N3,N2,H5:K5)) -> 535.82992 | O4: m/s
C5: v0 | D5: =IF(D3="","",1000/ABS(SLOPE(Hilfsdaten!W4:W57,Hilfsdaten!$A4:$A57))) -> 557.60295 | E5: =IF(E3="","",1000/ABS(SLOPE(Hilfsdaten!X4:X57,Hilfsdaten!$A4:$A57))) -> 557.23563 | F5: =IF(F3="","",1000/ABS(SLOPE(Hilfsdaten!Y4:Y57,Hilfsdaten!$A4:$A57))) -> 571.81281 | G5: =IF(G3="","",1000/ABS(SLOPE(Hilfsdaten!Z4:Z57,Hilfsdaten!$A4:$A57))) -> 456.66829 | H5: =IF(H3="","",1000/ABS(SLOPE(Hilfsdaten!AA4:AA57,Hilfsdaten!$A4:$A57))) | I5: =IF(I3="","",1000/ABS(SLOPE(Hilfsdaten!AB4:AB57,Hilfsdaten!$A4:$A57))) | J5: =IF(J3="","",1000/ABS(SLOPE(Hilfsdaten!AC4:AC57,Hilfsdaten!$A4:$A57))) | K5: =IF(K3="","",1000/ABS(SLOPE(Hilfsdaten!AD4:AD57,Hilfsdaten!$A4:$A57))) | M5: v1 Gesamt | N5: =IF(AND(D8="",E8="",F8="",G8="",H8="",I8="",J8="",K8=""),"",AVERAGE(D8:K8)) -> 1840.4324 | O5: m/s
B6: v1 | C6: von [m] | D6: 10 | E6: 112 | F6: 107 | G6: 10 | M6: ti1 | N6: =IF(AND(D9="",E9="",F9="",G9="",H9="",I9="",J9="",K9=""),"",AVERAGE(D9:K9)) -> 21.549971 | O6: ms
C7: bis [m] | D7: 80 | E7: 177 | F7: 178 | G7: 75 | M7: h0 | N7: =IF(N6="","",N4*N6/(2000*COS(ASIN(N4/N5)))) -> 6.0349994 | O7: m
C8: v1 | D8: =IF(D6="","",1000/ABS(SLOPE(Hilfsdaten!AE4:AE57,Hilfsdaten!$A4:$A57))) -> 1862.6057 | E8: =IF(E6="","",1000/ABS(SLOPE(Hilfsdaten!AF4:AF57,Hilfsdaten!$A4:$A57))) -> 1887.9768 | F8: =IF(F6="","",1000/ABS(SLOPE(Hilfsdaten!AG4:AG57,Hilfsdaten!$A4:$A57))) -> 1811.6362 | G8: =IF(G6="","",1000/ABS(SLOPE(Hilfsdaten!AH4:AH57,Hilfsdaten!$A4:$A57))) -> 1799.5111 | H8: =IF(H6="","",1000/ABS(SLOPE(Hilfsdaten!AI4:AI57,Hilfsdaten!$A4:$A57))) | I8: =IF(I6="","",1000/ABS(SLOPE(Hilfsdaten!AJ4:AJ57,Hilfsdaten!$A4:$A57))) | J8: =IF(J6="","",1000/ABS(SLOPE(Hilfsdaten!AK4:AK57,Hilfsdaten!$A4:$A57))) | K8: =IF(K6="","",1000/ABS(SLOPE(Hilfsdaten!AL4:AL57,Hilfsdaten!$A4:$A57))) | M8: v2 Gesamt | N8: =IF(AND(D12="",E12="",F12="",G12="",H12="",I12="",J12="",K12=""),"",AVERAGE(D12:K12)) -> 3267.9973 | O8: m/s
C9: ti1 | D9: =IF(D6="","",INTERCEPT(Hilfsdaten!AE4:AE57,T0_Korrektur!C3:C56)) -> 20.957572 | E9: =IF(E6="","",INTERCEPT(Hilfsdaten!AF4:AF57,T0_Korrektur!C3:C56)) -> 21.642928 | F9: =IF(F6="","",INTERCEPT(Hilfsdaten!AG4:AG57,T0_Korrektur!E3:E56)) -> 20.980749 | G9: =IF(G6="","",INTERCEPT(Hilfsdaten!AH4:AH57,T0_Korrektur!G3:G56)) -> 22.618635 | H9: =IF(H6="","",INTERCEPT(Hilfsdaten!AI4:AI57,T0_Korrektur!I3:I56)) | I9: =IF(I6="","",INTERCEPT(Hilfsdaten!AJ4:AJ57,T0_Korrektur!K3:K56)) | J9: =IF(J6="","",INTERCEPT(Hilfsdaten!AK4:AK57,T0_Korrektur!M3:M56)) | K9: =IF(K6="","",INTERCEPT(Hilfsdaten!AL4:AL57,T0_Korrektur!O3:O56)) | M9: ti2 | N9: =IF(AND(D13="",E13="",F13="",G13="",H13="",I13="",J13="",K13=""),"",AVERAGE(D13:K13)) -> 41.370316 | O9: ms
B10: v2 | C10: von [m] | D10: 0 | E10: 177 | F10: 0 | G10: 80 | M10: h1 | N10: =IF(N9="","",N5*(N9-2*N7*COS(ASIN(N4/N8))/N4)/(2000*COS(ASIN(N5/N8)))) -> 46.045315 | O10: m
C11: bis [m] | D11: 10 | E11: 193 | F11: 107 | G11: 193 | N11: =IF(N9="","",N5*(0.001*N9-2*N7*COS(ASIN(N4/N8))/N4)/(2*COS(ASIN(N5/N8)))) -> 21.32477 | O11: =IF(N9="","",N5*(N9-2000*N7*COS(ASIN(N4/N8))/N4)/(2000*COS(ASIN(N5/N8)))) -> 21.32477
C12: v2 | D12: =IF(D10="","",1000/ABS(SLOPE(Hilfsdaten!AM4:AM57,Hilfsdaten!$A4:$A57))) -> 3216.29 | E12: =IF(E10="","",1000/ABS(SLOPE(Hilfsdaten!AN4:AN57,Hilfsdaten!$A4:$A57))) -> 3106.7601 | F12: =IF(F10="","",1000/ABS(SLOPE(Hilfsdaten!AO4:AO57,Hilfsdaten!$A4:$A57))) -> 3291.0205 | G12: =IF(G10="","",1000/ABS(SLOPE(Hilfsdaten!AP4:AP57,Hilfsdaten!$A4:$A57))) -> 3457.9185 | H12: =IF(H10="","",1000/ABS(SLOPE(Hilfsdaten!AQ4:AQ57,Hilfsdaten!$A4:$A57))) | I12: =IF(I10="","",1000/ABS(SLOPE(Hilfsdaten!AR4:AR57,Hilfsdaten!$A4:$A57))) | J12: =IF(J10="","",1000/ABS(SLOPE(Hilfsdaten!AS4:AS57,Hilfsdaten!$A4:$A57))) | K12: =IF(K10="","",1000/ABS(SLOPE(Hilfsdaten!AT4:AT57,Hilfsdaten!$A4:$A57))) | M12: In rot umrandete Zellen Start und Ende der Zahlenbereiche für Anstieg anpassen (Mauszeiger über entsprechenden Pick im Diagramm halten), entsprechend der linearen Bereiche der Laufzeitkurven!
C13: ti2 | D13: =IF(D10="","",INTERCEPT(Hilfsdaten!AM4:AM57,T0_Korrektur!C3:C56)) -> 39.574831 | E13: =IF(E10="","",INTERCEPT(Hilfsdaten!AN4:AN57,T0_Korrektur!C3:C56)) -> 39.831616 | F13: =IF(F10="","",INTERCEPT(Hilfsdaten!AO4:AO57,T0_Korrektur!E3:E56)) -> 42.123219 | G13: =IF(G10="","",INTERCEPT(Hilfsdaten!AP4:AP57,T0_Korrektur!G3:G56)) -> 43.951598 | H13: =IF(H10="","",INTERCEPT(Hilfsdaten!AQ4:AQ57,T0_Korrektur!I3:I56)) | I13: =IF(I10="","",INTERCEPT(Hilfsdaten!AR4:AR57,T0_Korrektur!K3:K56)) | J13: =IF(J10="","",INTERCEPT(Hilfsdaten!AS4:AS57,T0_Korrektur!M3:M56)) | K13: =IF(K10="","",INTERCEPT(Hilfsdaten!AT4:AT57,T0_Korrektur!O3:O56))

Sheet Fit
P4: RMS-Fehler 2-Schichtfall
P6: =Hilfsdaten!BV3 -> 12.051379 | Q6: ms
P8: RMS-Fehler 3-Schichtfall
P10: =Hilfsdaten!BZ3 -> 7.0681307 | Q10: ms
P12: RMS-Fehler nur für Zentral-, Hin- und Rückschuss berechnet
P15: Ergebnisse:
Q17: 2-Schicht | R17: 3-Schicht
P18: v0 [m/s] | Q18: ='Auswertung 2-Schicht'!O4 -> 524.19908 | R18: ='Auswertung 3-Schicht'!N4 -> 535.82992
P19: v1 [m/s] | Q19: ='Auswertung 2-Schicht'!O7 -> 2560.0779 | R19: ='Auswertung 3-Schicht'!N5 -> 1840.4324
P20: h0 [m] | Q20: ='Auswertung 2-Schicht'!O9 -> 9.2837314 | R20: ='Auswertung 3-Schicht'!N7 -> 6.0349994
P21: v2 [m/s] | R21: ='Auswertung 3-Schicht'!N8 -> 3267.9973
P22: h1 [m] | R22: ='Auswertung 3-Schicht'!N10 -> 46.045315
D49: Zurück zur 2-Schichtfallauswertung | J49: Zurück zur 3-Schichtfallauswertung

Sheet Berechnung
J1: =(INTERCEPT(T0_Korrektur!F3:F12,T0_Korrektur!G3:G12)+INTERCEPT(T0_Korrektur!H41:H50,T0_Korrektur!E41:E50))/2 -> 101.20457 | O1: =(INTERCEPT(T0_Korrektur!J3:J12,T0_Korrektur!K3:K12)+INTERCEPT(T0_Korrektur!L41:L50,T0_Korrektur!I41:I50))/2 -> #DIV/0! | T1: =(INTERCEPT(T0_Korrektur!N3:N12,T0_Korrektur!O3:O12)+INTERCEPT(T0_Korrektur!P41:P50,T0_Korrektur!M41:M50))/2 -> #DIV/0!
A2: Trace | B2: m | C2: T zentral - | D2: T zentral + | E2: T off-end - | F2: T off-end + | G2: T off-end - corr. | H2: Difference | I2: Pluszeiten | J2: Minuszeiten | K2: T fern- | L2: T fern+ | M2: Fern Difference | N2: Fern Pluszeiten | O2: Fern Minuszeiten | P2: T fern-- | Q2: T fern++ | R2: Fern2 Difference | S2: Fern2 Pluszeiten | T2: Fern2 Minuszeiten
A3: 1 | B3: ='Picks importieren'!B4 -> 0 | C3: =T0_Korrektur!D3*ABS(T0_Korrektur!B3-T0_Korrektur!C$1)/T0_Korrektur!C3 -> 69.428671 | E3: =T0_Korrektur!F3*ABS(T0_Korrektur!B3-T0_Korrektur!E$1)/T0_Korrektur!E3 -> 100.9166 | F3: =T0_Korrektur!H3*ABS(T0_Korrektur!B3-T0_Korrektur!G$1)/T0_Korrektur!G3 -> 6.4190662 | G3: =E3+$F$50-$E$3 -> 99.803648 | H3: =$G$3-G3 -> 0 | I3: =IF(H3="","",F3-E3+E$3-F$3) -> -2.6645353e-15 | J3: =F3+E3-J$1 -> 6.1311032 | K3: =IF(T0_Korrektur!I3=-999,-999,T0_Korrektur!J3*ABS(T0_Korrektur!B3-T0_Korrektur!I$1)/T0_Korrektur!I3) -> -999 | L3: =IF(T0_Korrektur!K3=-999,-999,T0_Korrektur!L3*ABS(T0_Korrektur!B3-T0_Korrektur!K$1)/T0_Korrektur!K3) -> -999 | M3: =IF(K3="","",$K$3-K3) -> 0 | N3: =IF(M3="","",L3-K3+K$3-L$3) -> 0 | O3: =L3+K3-O$1 -> #DIV/0! | P3: =IF(T0_Korrektur!M3=-999,-999,T0_Korrektur!N3*ABS(T0_Korrektur!B3-T0_Korrektur!M$1)/T0_Korrektur!M3) -> -999 | Q3: =IF(T0_Korrektur!O3=-999,-999,T0_Korrektur!P3*ABS(T0_Korrektur!B3-T0_Korrektur!O$1)/T0_Korrektur!O3) -> -999 | R3: =IF(P3="","",$P$3-P3) -> 0 | S3: =IF(R3="","",Q3-P3+P$3-Q$3) -> 0 | T3: =Q3+P3-T$1 -> #DIV/0!
A4: 2 | B4: ='Picks importieren'!B5 -> 2.5 | C4: =T0_Korrektur!D4*ABS(T0_Korrektur!B4-T0_Korrektur!C$1)/T0_Korrektur!C4 -> 68.814987 | E4: =T0_Korrektur!F4*ABS(T0_Korrektur!B4-T0_Korrektur!E$1)/T0_Korrektur!E4 -> 100.50753 | F4: =T0_Korrektur!H4*ABS(T0_Korrektur!B4-T0_Korrektur!G$1)/T0_Korrektur!G4 -> 12.827589 | G4: =E4+$F$50-$E$3 -> 99.394573 | H4: =$G$3-G4 -> 0.40907468 | I4: =IF(H4="","",F4-E4+E$3-F$3) -> 6.817597 | J4: =F4+E4-J$1 -> 12.130551 | K4: =IF(T0_Korrektur!I4=-999,-999,T0_Korrektur!J4*ABS(T0_Korrektur!B4-T0_Korrektur!I$1)/T0_Korrektur!I4) -> -999 | L4: =IF(T0_Korrektur!K4=-999,-999,T0_Korrektur!L4*ABS(T0_Korrektur!B4-T0_Korrektur!K$1)/T0_Korrektur!K4) -> -999 | M4: =IF(K4="","",$K$3-K4) -> 0 | N4: =IF(M4="","",L4-K4+K$3-L$3) -> 0 | O4: =L4+K4-O$1 -> #DIV/0! | P4: =IF(T0_Korrektur!M4=-999,-999,T0_Korrektur!N4*ABS(T0_Korrektur!B4-T0_Korrektur!M$1)/T0_Korrektur!M4) -> -999 | Q4: =IF(T0_Korrektur!O4=-999,-999,T0_Korrektur!P4*ABS(T0_Korrektur!B4-T0_Korrektur!O$1)/T0_Korrektur!O4) -> -999 | R4: =IF(P4="","",$P$3-P4) -> 0 | S4: =IF(R4="","",Q4-P4+P$3-Q$3) -> 0 | T4: =Q4+P4-T$1 -> #DIV/0!
A5: 3 | B5: ='Picks importieren'!B6 -> 5 | C5: =T0_Korrektur!D5*ABS(T0_Korrektur!B5-T0_Korrektur!C$1)/T0_Korrektur!C5 -> 67.996801 | E5: =T0_Korrektur!F5*ABS(T0_Korrektur!B5-T0_Korrektur!E$1)/T0_Korrektur!E5 -> 100.09845 | F5: =T0_Korrektur!H5*ABS(T0_Korrektur!B5-T0_Korrektur!G$1)/T0_Korrektur!G5 -> 17.992277 | G5: =E5+$F$50-$E$3 -> 98.985496 | H5: =$G$3-G5 -> 0.81815213 | I5: =IF(H5="","",F5-E5+E$3-F$3) -> 12.391363 | J5: =F5+E5-J$1 -> 16.886162 | K5: =IF(T0_Korrektur!I5=-999,-999,T0_Korrektur!J5*ABS(T0_Korrektur!B5-T0_Korrektur!I$1)/T0_Korrektur!I5) -> -999 | L5: =IF(T0_Korrektur!K5=-999,-999,T0_Korrektur!L5*ABS(T0_Korrektur!B5-T0_Korrektur!K$1)/T0_Korrektur!K5) -> -999 | M5: =IF(K5="","",$K$3-K5) -> 0 | N5: =IF(M5="","",L5-K5+K$3-L$3) -> 0 | O5: =L5+K5-O$1 -> #DIV/0! | P5: =IF(T0_Korrektur!M5=-999,-999,T0_Korrektur!N5*ABS(T0_Korrektur!B5-T0_Korrektur!M$1)/T0_Korrektur!M5) -> -999 | Q5: =IF(T0_Korrektur!O5=-999,-999,T0_Korrektur!P5*ABS(T0_Korrektur!B5-T0_Korrektur!O$1)/T0_Korrektur!O5) -> -999 | R5: =IF(P5="","",$P$3-P5) -> 0 | S5: =IF(R5="","",Q5-P5+P$3-Q$3) -> 0 | T5: =Q5+P5-T$1 -> #DIV/0!
A6: 4 | B6: ='Picks importieren'!B7 -> 7.5 | C6: =T0_Korrektur!D6*ABS(T0_Korrektur!B6-T0_Korrektur!C$1)/T0_Korrektur!C6 -> 67.178577 | E6: =T0_Korrektur!F6*ABS(T0_Korrektur!B6-T0_Korrektur!E$1)/T0_Korrektur!E6 -> 99.280885 | F6: =T0_Korrektur!H6*ABS(T0_Korrektur!B6-T0_Korrektur!G$1)/T0_Korrektur!G6 -> 23.251036 | G6: =E6+$F$50-$E$3 -> 98.16793 | H6: =$G$3-G6 -> 1.6357176 | I6: =IF(H6="","",F6-E6+E$3-F$3) -> 18.467687 | J6: =F6+E6-J$1 -> 21.327355 | K6: =IF(T0_Korrektur!I6=-999,-999,T0_Korrektur!J6*ABS(T0_Korrektur!B6-T0_Korrektur!I$1)/T0_Korrektur!I6) -> -999 | L6: =IF(T0_Korrektur!K6=-999,-999,T0_Korrektur!L6*ABS(T0_Korrektur!B6-T0_Korrektur!K$1)/T0_Korrektur!K6) -> -999 | M6: =IF(K6="","",$K$3-K6) -> 0 | N6: =IF(M6="","",L6-K6+K$3-L$3) -> 0 | O6: =L6+K6-O$1 -> #DIV/0! | P6: =IF(T0_Korrektur!M6=-999,-999,T0_Korrektur!N6*ABS(T0_Korrektur!B6-T0_Korrektur!M$1)/T0_Korrektur!M6) -> -999 | Q6: =IF(T0_Korrektur!O6=-999,-999,T0_Korrektur!P6*ABS(T0_Korrektur!B6-T0_Korrektur!O$1)/T0_Korrektur!O6) -> -999 | R6: =IF(P6="","",$P$3-P6) -> 0 | S6: =IF(R6="","",Q6-P6+P$3-Q$3) -> 0 | T6: =Q6+P6-T$1 -> #DIV/0!
A7: 5 | B7: ='Picks importieren'!B8 -> 10 | C7: =T0_Korrektur!D7*ABS(T0_Korrektur!B7-T0_Korrektur!C$1)/T0_Korrektur!C7 -> 66.360411 | E7: =T0_Korrektur!F7*ABS(T0_Korrektur!B7-T0_Korrektur!E$1)/T0_Korrektur!E7 -> 98.463218 | F7: =T0_Korrektur!H7*ABS(T0_Korrektur!B7-T0_Korrektur!G$1)/T0_Korrektur!G7 -> 28.579508 | G7: =E7+$F$50-$E$3 -> 97.350263 | H7: =$G$3-G7 -> 2.4533854 | I7: =IF(H7="","",F7-E7+E$3-F$3) -> 24.613827 | J7: =F7+E7-J$1 -> 25.83816 | K7: =IF(T0_Korrektur!I7=-999,-999,T0_Korrektur!J7*ABS(T0_Korrektur!B7-T0_Korrektur!I$1)/T0_Korrektur!I7) -> -999 | L7: =IF(T0_Korrektur!K7=-999,-999,T0_Korrektur!L7*ABS(T0_Korrektur!B7-T0_Korrektur!K$1)/T0_Korrektur!K7) -> -999 | M7: =IF(K7="","",$K$3-K7) -> 0 | N7: =IF(M7="","",L7-K7+K$3-L$3) -> 0 | O7: =L7+K7-O$1 -> #DIV/0! | P7: =IF(T0_Korrektur!M7=-999,-999,T0_Korrektur!N7*ABS(T0_Korrektur!B7-T0_Korrektur!M$1)/T0_Korrektur!M7) -> -999 | Q7: =IF(T0_Korrektur!O7=-999,-999,T0_Korrektur!P7*ABS(T0_Korrektur!B7-T0_Korrektur!O$1)/T0_Korrektur!O7) -> -999 | R7: =IF(P7="","",$P$3-P7) -> 0 | S7: =IF(R7="","",Q7-P7+P$3-Q$3) -> 0 | T7: =Q7+P7-T$1 -> #DIV/0!
A8: 6 | B8: ='Picks importieren'!B9 -> 15 | C8: =T0_Korrektur!D8*ABS(T0_Korrektur!B8-T0_Korrektur!C$1)/T0_Korrektur!C8 -> 63.701858 | E8: =T0_Korrektur!F8*ABS(T0_Korrektur!B8-T0_Korrektur!E$1)/T0_Korrektur!E8 -> 97.032067 | F8: =T0_Korrektur!H8*ABS(T0_Korrektur!B8-T0_Korrektur!G$1)/T0_Korrektur!G8 -> 32.543803 | G8: =E8+$F$50-$E$3 -> 95.919112 | H8: =$G$3-G8 -> 3.8845363 | I8: =IF(H8="","",F8-E8+E$3-F$3) -> 30.009273 | J8: =F8+E8-J$1 -> 28.371304 | K8: =IF(T0_Korrektur!I8=-999,-999,T0_Korrektur!J8*ABS(T0_Korrektur!B8-T0_Korrektur!I$1)/T0_Korrektur!I8) -> -999 | L8: =IF(T0_Korrektur!K8=-999,-999,T0_Korrektur!L8*ABS(T0_Korrektur!B8-T0_Korrektur!K$1)/T0_Korrektur!K8) -> -999 | M8: =IF(K8="","",$K$3-K8) -> 0 | N8: =IF(M8="","",L8-K8+K$3-L$3) -> 0 | O8: =L8+K8-O$1 -> #DIV/0! | P8: =IF(T0_Korrektur!M8=-999,-999,T0_Korrektur!N8*ABS(T0_Korrektur!B8-T0_Korrektur!M$1)/T0_Korrektur!M8) -> -999 | Q8: =IF(T0_Korrektur!O8=-999,-999,T0_Korrektur!P8*ABS(T0_Korrektur!B8-T0_Korrektur!O$1)/T0_Korrektur!O8) -> -999 | R8: =IF(P8="","",$P$3-P8) -> 0 | S8: =IF(R8="","",Q8-P8+P$3-Q$3) -> 0 | T8: =Q8+P8-T$1 -> #DIV/0!
A9: 7 | B9: ='Picks importieren'!B10 -> 20 | C9: =T0_Korrektur!D9*ABS(T0_Korrektur!B9-T0_Korrektur!C$1)/T0_Korrektur!C9 -> 61.860727 | E9: =T0_Korrektur!F9*ABS(T0_Korrektur!B9-T0_Korrektur!E$1)/T0_Korrektur!E9 -> 95.601004 | F9: =T0_Korrektur!H9*ABS(T0_Korrektur!B9-T0_Korrektur!G$1)/T0_Korrektur!G9 -> 35.674424 | G9: =E9+$F$50-$E$3 -> 94.488049 | H9: =$G$3-G9 -> 5.3155986 | I9: =IF(H9="","",F9-E9+E$3-F$3) -> 34.570956 | J9: =F9+E9-J$1 -> 30.070862 | K9: =IF(T0_Korrektur!I9=-999,-999,T0_Korrektur!J9*ABS(T0_Korrektur!B9-T0_Korrektur!I$1)/T0_Korrektur!I9) -> -999 | L9: =IF(T0_Korrektur!K9=-999,-999,T0_Korrektur!L9*ABS(T0_Korrektur!B9-T0_Korrektur!K$1)/T0_Korrektur!K9) -> -999 | M9: =IF(K9="","",$K$3-K9) -> 0 | N9: =IF(M9="","",L9-K9+K$3-L$3) -> 0 | O9: =L9+K9-O$1 -> #DIV/0! | P9: =IF(T0_Korrektur!M9=-999,-999,T0_Korrektur!N9*ABS(T0_Korrektur!B9-T0_Korrektur!M$1)/T0_Korrektur!M9) -> -999 | Q9: =IF(T0_Korrektur!O9=-999,-999,T0_Korrektur!P9*ABS(T0_Korrektur!B9-T0_Korrektur!O$1)/T0_Korrektur!O9) -> -999 | R9: =IF(P9="","",$P$3-P9) -> 0 | S9: =IF(R9="","",Q9-P9+P$3-Q$3) -> 0 | T9: =Q9+P9-T$1 -> #DIV/0!
A10: 8 | B10: ='Picks importieren'!B11 -> 25 | C10: =T0_Korrektur!D10*ABS(T0_Korrektur!B10-T0_Korrektur!C$1)/T0_Korrektur!C10 -> 59.814877 | E10: =T0_Korrektur!F10*ABS(T0_Korrektur!B10-T0_Korrektur!E$1)/T0_Korrektur!E10 -> 94.37432 | F10: =T0_Korrektur!H10*ABS(T0_Korrektur!B10-T0_Korrektur!G$1)/T0_Korrektur!G10 -> 38.286073 | G10: =E10+$F$50-$E$3 -> 93.261365 | H10: =$G$3-G10 -> 6.5422828 | I10: =IF(H10="","",F10-E10+E$3-F$3) -> 38.40929 | J10: =F10+E10-J$1 -> 31.455827 | K10: =IF(T0_Korrektur!I10=-999,-999,T0_Korrektur!J10*ABS(T0_Korrektur!B10-T0_Korrektur!I$1)/T0_Korrektur!I10) -> -999 | L10: =IF(T0_Korrektur!K10=-999,-999,T0_Korrektur!L10*ABS(T0_Korrektur!B10-T0_Korrektur!K$1)/T0_Korrektur!K10) -> -999 | M10: =IF(K10="","",$K$3-K10) -> 0 | N10: =IF(M10="","",L10-K10+K$3-L$3) -> 0 | O10: =L10+K10-O$1 -> #DIV/0! | P10: =IF(T0_Korrektur!M10=-999,-999,T0_Korrektur!N10*ABS(T0_Korrektur!B10-T0_Korrektur!M$1)/T0_Korrektur!M10) -> -999 | Q10: =IF(T0_Korrektur!O10=-999,-999,T0_Korrektur!P10*ABS(T0_Korrektur!B10-T0_Korrektur!O$1)/T0_Korrektur!O10) -> -999 | R10: =IF(P10="","",$P$3-P10) -> 0 | S10: =IF(R10="","",Q10-P10+P$3-Q$3) -> 0 | T10: =Q10+P10-T$1 -> #DIV/0!
A11: 9 | B11: ='Picks importieren'!B12 -> 30 | C11: =T0_Korrektur!D11*ABS(T0_Korrektur!B11-T0_Korrektur!C$1)/T0_Korrektur!C11 -> 57.155686 | E11: =T0_Korrektur!F11*ABS(T0_Korrektur!B11-T0_Korrektur!E$1)/T0_Korrektur!E11 -> 92.53435 | F11: =T0_Korrektur!H11*ABS(T0_Korrektur!B11-T0_Korrektur!G$1)/T0_Korrektur!G11 -> 41.103107 | G11: =E11+$F$50-$E$3 -> 91.421395 | H11: =$G$3-G11 -> 8.3822535 | I11: =IF(H11="","",F11-E11+E$3-F$3) -> 43.066295 | J11: =F11+E11-J$1 -> 32.432891 | K11: =IF(T0_Korrektur!I11=-999,-999,T0_Korrektur!J11*ABS(T0_Korrektur!B11-T0_Korrektur!I$1)/T0_Korrektur!I11) -> -999 | L11: =IF(T0_Korrektur!K11=-999,-999,T0_Korrektur!L11*ABS(T0_Korrektur!B11-T0_Korrektur!K$1)/T0_Korrektur!K11) -> -999 | M11: =IF(K11="","",$K$3-K11) -> 0 | N11: =IF(M11="","",L11-K11+K$3-L$3) -> 0 | O11: =L11+K11-O$1 -> #DIV/0! | P11: =IF(T0_Korrektur!M11=-999,-999,T0_Korrektur!N11*ABS(T0_Korrektur!B11-T0_Korrektur!M$1)/T0_Korrektur!M11) -> -999 | Q11: =IF(T0_Korrektur!O11=-999,-999,T0_Korrektur!P11*ABS(T0_Korrektur!B11-T0_Korrektur!O$1)/T0_Korrektur!O11) -> -999 | R11: =IF(P11="","",$P$3-P11) -> 0 | S11: =IF(R11="","",Q11-P11+P$3-Q$3) -> 0 | T11: =Q11+P11-T$1 -> #DIV/0!
A12: 10 | B12: ='Picks importieren'!B13 -> 35 | C12: =T0_Korrektur!D12*ABS(T0_Korrektur!B12-T0_Korrektur!C$1)/T0_Korrektur!C12 -> 54.496014 | E12: =T0_Korrektur!F12*ABS(T0_Korrektur!B12-T0_Korrektur!E$1)/T0_Korrektur!E12 -> 90.490076 | F12: =T0_Korrektur!H12*ABS(T0_Korrektur!B12-T0_Korrektur!G$1)/T0_Korrektur!G12 -> 43.676514 | G12: =E12+$F$50-$E$3 -> 89.377121 | H12: =$G$3-G12 -> 10.426527 | I12: =IF(H12="","",F12-E12+E$3-F$3) -> 47.683975 | J12: =F12+E12-J$1 -> 32.962023 | K12: =IF(T0_Korrektur!I12=-999,-999,T0_Korrektur!J12*ABS(T0_Korrektur!B12-T0_Korrektur!I$1)/T0_Korrektur!I12) -> -999 | L12: =IF(T0_Korrektur!K12=-999,-999,T0_Korrektur!L12*ABS(T0_Korrektur!B12-T0_Korrektur!K$1)/T0_Korrektur!K12) -> -999 | M12: =IF(K12="","",$K$3-K12) -> 0 | N12: =IF(M12="","",L12-K12+K$3-L$3) -> 0 | O12: =L12+K12-O$1 -> #DIV/0! | P12: =IF(T0_Korrektur!M12=-999,-999,T0_Korrektur!N12*ABS(T0_Korrektur!B12-T0_Korrektur!M$1)/T0_Korrektur!M12) -> -999 | Q12: =IF(T0_Korrektur!O12=-999,-999,T0_Korrektur!P12*ABS(T0_Korrektur!B12-T0_Korrektur!O$1)/T0_Korrektur!O12) -> -999 | R12: =IF(P12="","",$P$3-P12) -> 0 | S12: =IF(R12="","",Q12-P12+P$3-Q$3) -> 0 | T12: =Q12+P12-T$1 -> #DIV/0!
A13: 11 | B13: ='Picks importieren'!B14 -> 40 | C13: =T0_Korrektur!D13*ABS(T0_Korrektur!B13-T0_Korrektur!C$1)/T0_Korrektur!C13 -> 51.223012 | E13: =T0_Korrektur!F13*ABS(T0_Korrektur!B13-T0_Korrektur!E$1)/T0_Korrektur!E13 -> 88.854466 | F13: =T0_Korrektur!H13*ABS(T0_Korrektur!B13-T0_Korrektur!G$1)/T0_Korrektur!G13 -> 46.246141 | G13: =E13+$F$50-$E$3 -> 87.741511 | H13: =$G$3-G13 -> 12.062137 | I13: =IF(H13="","",F13-E13+E$3-F$3) -> 51.889212 | J13: =F13+E13-J$1 -> 33.896041 | K13: =IF(T0_Korrektur!I13=-999,-999,T0_Korrektur!J13*ABS(T0_Korrektur!B13-T0_Korrektur!I$1)/T0_Korrektur!I13) -> -999 | L13: =IF(T0_Korrektur!K13=-999,-999,T0_Korrektur!L13*ABS(T0_Korrektur!B13-T0_Korrektur!K$1)/T0_Korrektur!K13) -> -999 | M13: =IF(K13="","",$K$3-K13) -> 0 | N13: =IF(M13="","",L13-K13+K$3-L$3) -> 0 | O13: =L13+K13-O$1 -> #DIV/0! | P13: =IF(T0_Korrektur!M13=-999,-999,T0_Korrektur!N13*ABS(T0_Korrektur!B13-T0_Korrektur!M$1)/T0_Korrektur!M13) -> -999 | Q13: =IF(T0_Korrektur!O13=-999,-999,T0_Korrektur!P13*ABS(T0_Korrektur!B13-T0_Korrektur!O$1)/T0_Korrektur!O13) -> -999 | R13: =IF(P13="","",$P$3-P13) -> 0 | S13: =IF(R13="","",Q13-P13+P$3-Q$3) -> 0 | T13: =Q13+P13-T$1 -> #DIV/0!
A14: 12 | B14: ='Picks importieren'!B15 -> 45 | C14: =T0_Korrektur!D14*ABS(T0_Korrektur!B14-T0_Korrektur!C$1)/T0_Korrektur!C14 -> 48.766579 | E14: =T0_Korrektur!F14*ABS(T0_Korrektur!B14-T0_Korrektur!E$1)/T0_Korrektur!E14 -> 87.218938 | F14: =T0_Korrektur!H14*ABS(T0_Korrektur!B14-T0_Korrektur!G$1)/T0_Korrektur!G14 -> 49.069281 | G14: =E14+$F$50-$E$3 -> 86.105983 | H14: =$G$3-G14 -> 13.697665 | I14: =IF(H14="","",F14-E14+E$3-F$3) -> 56.347879 | J14: =F14+E14-J$1 -> 35.083653 | K14: =IF(T0_Korrektur!I14=-999,-999,T0_Korrektur!J14*ABS(T0_Korrektur!B14-T0_Korrektur!I$1)/T0_Korrektur!I14) -> -999 | L14: =IF(T0_Korrektur!K14=-999,-999,T0_Korrektur!L14*ABS(T0_Korrektur!B14-T0_Korrektur!K$1)/T0_Korrektur!K14) -> -999 | M14: =IF(K14="","",$K$3-K14) -> 0 | N14: =IF(M14="","",L14-K14+K$3-L$3) -> 0 | O14: =L14+K14-O$1 -> #DIV/0! | P14: =IF(T0_Korrektur!M14=-999,-999,T0_Korrektur!N14*ABS(T0_Korrektur!B14-T0_Korrektur!M$1)/T0_Korrektur!M14) -> -999 | Q14: =IF(T0_Korrektur!O14=-999,-999,T0_Korrektur!P14*ABS(T0_Korrektur!B14-T0_Korrektur!O$1)/T0_Korrektur!O14) -> -999 | R14: =IF(P14="","",$P$3-P14) -> 0 | S14: =IF(R14="","",Q14-P14+P$3-Q$3) -> 0 | T14: =Q14+P14-T$1 -> #DIV/0!
... A26: 24 | B26: ='Picks importieren'!B27 -> 95 | C26: =T0_Korrektur!D26*ABS(T0_Korrektur!B26-T0_Korrektur!C$1)/T0_Korrektur!C26 -> 1.9004952 | E26: =T0_Korrektur!F26*ABS(T0_Korrektur!B26-T0_Korrektur!E$1)/T0_Korrektur!E26 -> 72.598608 | F26: =T0_Korrektur!H26*ABS(T0_Korrektur!B26-T0_Korrektur!G$1)/T0_Korrektur!G26 -> 71.24306 | G26: =E26+$F$50-$E$3 -> 71.485653 | H26: =$G$3-G26 -> 28.317995 | I26: =IF(H26="","",F26-E26+E$3-F$3) -> 93.141989 | J26: =F26+E26-J$1 -> 42.637102 | K26: =IF(T0_Korrektur!I26=-999,-999,T0_Korrektur!J26*ABS(T0_Korrektur!B26-T0_Korrektur!I$1)/T0_Korrektur!I26) -> -999 | L26: =IF(T0_Korrektur!K26=-999,-999,T0_Korrektur!L26*ABS(T0_Korrektur!B26-T0_Korrektur!K$1)/T0_Korrektur!K26) -> -999 | M26: =IF(K26="","",$K$3-K26) -> 0 | N26: =IF(M26="","",L26-K26+K$3-L$3) -> 0 | O26: =L26+K26-O$1 -> #DIV/0! | P26: =IF(T0_Korrektur!M26=-999,-999,T0_Korrektur!N26*ABS(T0_Korrektur!B26-T0_Korrektur!M$1)/T0_Korrektur!M26) -> -999 | Q26: =IF(T0_Korrektur!O26=-999,-999,T0_Korrektur!P26*ABS(T0_Korrektur!B26-T0_Korrektur!O$1)/T0_Korrektur!O26) -> -999 | R26: =IF(P26="","",$P$3-P26) -> 0 | S26: =IF(R26="","",Q26-P26+P$3-Q$3) -> 0 | T26: =Q26+P26-T$1 -> #DIV/0!
A27: 25 | B27: ='Picks importieren'!B28 -> 97.5 | D27: =T0_Korrektur!D27*ABS(T0_Korrektur!B27-T0_Korrektur!C$1)/T0_Korrektur!C27 -> 2.384881 | E27: =T0_Korrektur!F27*ABS(T0_Korrektur!B27-T0_Korrektur!E$1)/T0_Korrektur!E27 -> 71.703946 | F27: =T0_Korrektur!H27*ABS(T0_Korrektur!B27-T0_Korrektur!G$1)/T0_Korrektur!G27 -> 72.267794 | G27: =E27+$F$50-$E$3 -> 70.590991 | H27: =$G$3-G27 -> 29.212657 | I27: =IF(H27="","",F27-E27+E$3-F$3) -> 95.061385 | J27: =F27+E27-J$1 -> 42.767173 | K27: =IF(T0_Korrektur!I27=-999,-999,T0_Korrektur!J27*ABS(T0_Korrektur!B27-T0_Korrektur!I$1)/T0_Korrektur!I27) -> -999 | L27: =IF(T0_Korrektur!K27=-999,-999,T0_Korrektur!L27*ABS(T0_Korrektur!B27-T0_Korrektur!K$1)/T0_Korrektur!K27) -> -999 | M27: =IF(K27="","",$K$3-K27) -> 0 | N27: =IF(M27="","",L27-K27+K$3-L$3) -> 0 | O27: =L27+K27-O$1 -> #DIV/0! | P27: =IF(T0_Korrektur!M27=-999,-999,T0_Korrektur!N27*ABS(T0_Korrektur!B27-T0_Korrektur!M$1)/T0_Korrektur!M27) -> -999 | Q27: =IF(T0_Korrektur!O27=-999,-999,T0_Korrektur!P27*ABS(T0_Korrektur!B27-T0_Korrektur!O$1)/T0_Korrektur!O27) -> -999 | R27: =IF(P27="","",$P$3-P27) -> 0 | S27: =IF(R27="","",Q27-P27+P$3-Q$3) -> 0 | T27: =Q27+P27-T$1 -> #DIV/0!
A28: 26 | B28: ='Picks importieren'!B29 -> 100 | D28: =T0_Korrektur!D28*ABS(T0_Korrektur!B28-T0_Korrektur!C$1)/T0_Korrektur!C28 -> 8.3211767 | E28: =T0_Korrektur!F28*ABS(T0_Korrektur!B28-T0_Korrektur!E$1)/T0_Korrektur!E28 -> 70.809258 | F28: =T0_Korrektur!H28*ABS(T0_Korrektur!B28-T0_Korrektur!G$1)/T0_Korrektur!G28 -> 73.42058 | G28: =E28+$F$50-$E$3 -> 69.696303 | H28: =$G$3-G28 -> 30.107345 | I28: =IF(H28="","",F28-E28+E$3-F$3) -> 97.108859 | J28: =F28+E28-J$1 -> 43.025272 | K28: =IF(T0_Korrektur!I28=-999,-999,T0_Korrektur!J28*ABS(T0_Korrektur!B28-T0_Korrektur!I$1)/T0_Korrektur!I28) -> -999 | L28: =IF(T0_Korrektur!K28=-999,-999,T0_Korrektur!L28*ABS(T0_Korrektur!B28-T0_Korrektur!K$1)/T0_Korrektur!K28) -> -999 | M28: =IF(K28="","",$K$3-K28) -> 0 | N28: =IF(M28="","",L28-K28+K$3-L$3) -> 0 | O28: =L28+K28-O$1 -> #DIV/0! | P28: =IF(T0_Korrektur!M28=-999,-999,T0_Korrektur!N28*ABS(T0_Korrektur!B28-T0_Korrektur!M$1)/T0_Korrektur!M28) -> -999 | Q28: =IF(T0_Korrektur!O28=-999,-999,T0_Korrektur!P28*ABS(T0_Korrektur!B28-T0_Korrektur!O$1)/T0_Korrektur!O28) -> -999 | R28: =IF(P28="","",$P$3-P28) -> 0 | S28: =IF(R28="","",Q28-P28+P$3-Q$3) -> 0 | T28: =Q28+P28-T$1 -> #DIV/0!
A29: 27 | B29: ='Picks importieren'!B30 -> 102.5 | D29: =T0_Korrektur!D29*ABS(T0_Korrektur!B29-T0_Korrektur!C$1)/T0_Korrektur!C29 -> 13.352767 | E29: =T0_Korrektur!F29*ABS(T0_Korrektur!B29-T0_Korrektur!E$1)/T0_Korrektur!E29 -> 70.451061 | F29: =T0_Korrektur!H29*ABS(T0_Korrektur!B29-T0_Korrektur!G$1)/T0_Korrektur!G29 -> 74.445262 | G29: =E29+$F$50-$E$3 -> 69.338107 | H29: =$G$3-G29 -> 30.465542 | I29: =IF(H29="","",F29-E29+E$3-F$3) -> 98.491737 | J29: =F29+E29-J$1 -> 43.691757 | K29: =IF(T0_Korrektur!I29=-999,-999,T0_Korrektur!J29*ABS(T0_Korrektur!B29-T0_Korrektur!I$1)/T0_Korrektur!I29) -> -999 | L29: =IF(T0_Korrektur!K29=-999,-999,T0_Korrektur!L29*ABS(T0_Korrektur!B29-T0_Korrektur!K$1)/T0_Korrektur!K29) -> -999 | M29: =IF(K29="","",$K$3-K29) -> 0 | N29: =IF(M29="","",L29-K29+K$3-L$3) -> 0 | O29: =L29+K29-O$1 -> #DIV/0! | P29: =IF(T0_Korrektur!M29=-999,-999,T0_Korrektur!N29*ABS(T0_Korrektur!B29-T0_Korrektur!M$1)/T0_Korrektur!M29) -> -999 | Q29: =IF(T0_Korrektur!O29=-999,-999,T0_Korrektur!P29*ABS(T0_Korrektur!B29-T0_Korrektur!O$1)/T0_Korrektur!O29) -> -999 | R29: =IF(P29="","",$P$3-P29) -> 0 | S29: =IF(R29="","",Q29-P29+P$3-Q$3) -> 0 | T29: =Q29+P29-T$1 -> #DIV/0!
A30: 28 | B30: ='Picks importieren'!B31 -> 105 | D30: =T0_Korrektur!D30*ABS(T0_Korrektur!B30-T0_Korrektur!C$1)/T0_Korrektur!C30 -> 17.353905 | E30: =T0_Korrektur!F30*ABS(T0_Korrektur!B30-T0_Korrektur!E$1)/T0_Korrektur!E30 -> 69.632997 | F30: =T0_Korrektur!H30*ABS(T0_Korrektur!B30-T0_Korrektur!G$1)/T0_Korrektur!G30 -> 75.341939 | G30: =E30+$F$50-$E$3 -> 68.520042 | H30: =$G$3-G30 -> 31.283606 | I30: =IF(H30="","",F30-E30+E$3-F$3) -> 100.20648 | J30: =F30+E30-J$1 -> 43.77037 | K30: =IF(T0_Korrektur!I30=-999,-999,T0_Korrektur!J30*ABS(T0_Korrektur!B30-T0_Korrektur!I$1)/T0_Korrektur!I30) -> -999 | L30: =IF(T0_Korrektur!K30=-999,-999,T0_Korrektur!L30*ABS(T0_Korrektur!B30-T0_Korrektur!K$1)/T0_Korrektur!K30) -> -999 | M30: =IF(K30="","",$K$3-K30) -> 0 | N30: =IF(M30="","",L30-K30+K$3-L$3) -> 0 | O30: =L30+K30-O$1 -> #DIV/0! | P30: =IF(T0_Korrektur!M30=-999,-999,T0_Korrektur!N30*ABS(T0_Korrektur!B30-T0_Korrektur!M$1)/T0_Korrektur!M30) -> -999 | Q30: =IF(T0_Korrektur!O30=-999,-999,T0_Korrektur!P30*ABS(T0_Korrektur!B30-T0_Korrektur!O$1)/T0_Korrektur!O30) -> -999 | R30: =IF(P30="","",$P$3-P30) -> 0 | S30: =IF(R30="","",Q30-P30+P$3-Q$3) -> 0 | T30: =Q30+P30-T$1 -> #DIV/0!
A31: 29 | B31: ='Picks importieren'!B32 -> 107.5 | D31: =T0_Korrektur!D31*ABS(T0_Korrektur!B31-T0_Korrektur!C$1)/T0_Korrektur!C31 -> 21.969583 | E31: =T0_Korrektur!F31*ABS(T0_Korrektur!B31-T0_Korrektur!E$1)/T0_Korrektur!E31 -> 68.61043 | F31: =T0_Korrektur!H31*ABS(T0_Korrektur!B31-T0_Korrektur!G$1)/T0_Korrektur!G31 -> 75.726462 | G31: =E31+$F$50-$E$3 -> 67.497476 | H31: =$G$3-G31 -> 32.306173 | I31: =IF(H31="","",F31-E31+E$3-F$3) -> 101.61357 | J31: =F31+E31-J$1 -> 43.132327 | K31: =IF(T0_Korrektur!I31=-999,-999,T0_Korrektur!J31*ABS(T0_Korrektur!B31-T0_Korrektur!I$1)/T0_Korrektur!I31) -> -999 | L31: =IF(T0_Korrektur!K31=-999,-999,T0_Korrektur!L31*ABS(T0_Korrektur!B31-T0_Korrektur!K$1)/T0_Korrektur!K31) -> -999 | M31: =IF(K31="","",$K$3-K31) -> 0 | N31: =IF(M31="","",L31-K31+K$3-L$3) -> 0 | O31: =L31+K31-O$1 -> #DIV/0! | P31: =IF(T0_Korrektur!M31=-999,-999,T0_Korrektur!N31*ABS(T0_Korrektur!B31-T0_Korrektur!M$1)/T0_Korrektur!M31) -> -999 | Q31: =IF(T0_Korrektur!O31=-999,-999,T0_Korrektur!P31*ABS(T0_Korrektur!B31-T0_Korrektur!O$1)/T0_Korrektur!O31) -> -999 | R31: =IF(P31="","",$P$3-P31) -> 0 | S31: =IF(R31="","",Q31-P31+P$3-Q$3) -> 0 | T31: =Q31+P31-T$1 -> #DIV/0!
A32: 30 | B32: ='Picks importieren'!B33 -> 112.5 | D32: =T0_Korrektur!D32*ABS(T0_Korrektur!B32-T0_Korrektur!C$1)/T0_Korrektur!C32 -> 29.62085 | E32: =T0_Korrektur!F32*ABS(T0_Korrektur!B32-T0_Korrektur!E$1)/T0_Korrektur!E32 -> 66.360821 | F32: =T0_Korrektur!H32*ABS(T0_Korrektur!B32-T0_Korrektur!G$1)/T0_Korrektur!G32 -> 76.584819 | G32: =E32+$F$50-$E$3 -> 65.247866 | H32: =$G$3-G32 -> 34.555782 | I32: =IF(H32="","",F32-E32+E$3-F$3) -> 104.72153 | J32: =F32+E32-J$1 -> 41.741075 | K32: =IF(T0_Korrektur!I32=-999,-999,T0_Korrektur!J32*ABS(T0_Korrektur!B32-T0_Korrektur!I$1)/T0_Korrektur!I32) -> -999 | L32: =IF(T0_Korrektur!K32=-999,-999,T0_Korrektur!L32*ABS(T0_Korrektur!B32-T0_Korrektur!K$1)/T0_Korrektur!K32) -> -999 | M32: =IF(K32="","",$K$3-K32) -> 0 | N32: =IF(M32="","",L32-K32+K$3-L$3) -> 0 | O32: =L32+K32-O$1 -> #DIV/0! | P32: =IF(T0_Korrektur!M32=-999,-999,T0_Korrektur!N32*ABS(T0_Korrektur!B32-T0_Korrektur!M$1)/T0_Korrektur!M32) -> -999 | Q32: =IF(T0_Korrektur!O32=-999,-999,T0_Korrektur!P32*ABS(T0_Korrektur!B32-T0_Korrektur!O$1)/T0_Korrektur!O32) -> -999 | R32: =IF(P32="","",$P$3-P32) -> 0 | S32: =IF(R32="","",Q32-P32+P$3-Q$3) -> 0 | T32: =Q32+P32-T$1 -> #DIV/0!
A33: 31 | B33: ='Picks importieren'!B34 -> 117.5 | D33: =T0_Korrektur!D33*ABS(T0_Korrektur!B33-T0_Korrektur!C$1)/T0_Korrektur!C33 -> 33.151684 | E33: =T0_Korrektur!F33*ABS(T0_Korrektur!B33-T0_Korrektur!E$1)/T0_Korrektur!E33 -> 63.906682 | F33: =T0_Korrektur!H33*ABS(T0_Korrektur!B33-T0_Korrektur!G$1)/T0_Korrektur!G33 -> 77.811947 | G33: =E33+$F$50-$E$3 -> 62.793727 | H33: =$G$3-G33 -> 37.009921 | I33: =IF(H33="","",F33-E33+E$3-F$3) -> 108.4028 | J33: =F33+E33-J$1 -> 40.514063 | K33: =IF(T0_Korrektur!I33=-999,-999,T0_Korrektur!J33*ABS(T0_Korrektur!B33-T0_Korrektur!I$1)/T0_Korrektur!I33) -> -999 | L33: =IF(T0_Korrektur!K33=-999,-999,T0_Korrektur!L33*ABS(T0_Korrektur!B33-T0_Korrektur!K$1)/T0_Korrektur!K33) -> -999 | M33: =IF(K33="","",$K$3-K33) -> 0 | N33: =IF(M33="","",L33-K33+K$3-L$3) -> 0 | O33: =L33+K33-O$1 -> #DIV/0! | P33: =IF(T0_Korrektur!M33=-999,-999,T0_Korrektur!N33*ABS(T0_Korrektur!B33-T0_Korrektur!M$1)/T0_Korrektur!M33) -> -999 | Q33: =IF(T0_Korrektur!O33=-999,-999,T0_Korrektur!P33*ABS(T0_Korrektur!B33-T0_Korrektur!O$1)/T0_Korrektur!O33) -> -999 | R33: =IF(P33="","",$P$3-P33) -> 0 | S33: =IF(R33="","",Q33-P33+P$3-Q$3) -> 0 | T33: =Q33+P33-T$1 -> #DIV/0!
A34: 32 | B34: ='Picks importieren'!B35 -> 122.5 | D34: =T0_Korrektur!D34*ABS(T0_Korrektur!B34-T0_Korrektur!C$1)/T0_Korrektur!C34 -> 36.375698 | E34: =T0_Korrektur!F34*ABS(T0_Korrektur!B34-T0_Korrektur!E$1)/T0_Korrektur!E34 -> 61.656687 | F34: =T0_Korrektur!H34*ABS(T0_Korrektur!B34-T0_Korrektur!G$1)/T0_Korrektur!G34 -> 80.061 | G34: =E34+$F$50-$E$3 -> 60.543732 | H34: =$G$3-G34 -> 39.259916 | I34: =IF(H34="","",F34-E34+E$3-F$3) -> 112.90185 | J34: =F34+E34-J$1 -> 40.513121 | K34: =IF(T0_Korrektur!I34=-999,-999,T0_Korrektur!J34*ABS(T0_Korrektur!B34-T0_Korrektur!I$1)/T0_Korrektur!I34) -> -999 | L34: =IF(T0_Korrektur!K34=-999,-999,T0_Korrektur!L34*ABS(T0_Korrektur!B34-T0_Korrektur!K$1)/T0_Korrektur!K34) -> -999 | M34: =IF(K34="","",$K$3-K34) -> 0 | N34: =IF(M34="","",L34-K34+K$3-L$3) -> 0 | O34: =L34+K34-O$1 -> #DIV/0! | P34: =IF(T0_Korrektur!M34=-999,-999,T0_Korrektur!N34*ABS(T0_Korrektur!B34-T0_Korrektur!M$1)/T0_Korrektur!M34) -> -999 | Q34: =IF(T0_Korrektur!O34=-999,-999,T0_Korrektur!P34*ABS(T0_Korrektur!B34-T0_Korrektur!O$1)/T0_Korrektur!O34) -> -999 | R34: =IF(P34="","",$P$3-P34) -> 0 | S34: =IF(R34="","",Q34-P34+P$3-Q$3) -> 0 | T34: =Q34+P34-T$1 -> #DIV/0!
A35: 33 | B35: ='Picks importieren'!B36 -> 127.5 | D35: =T0_Korrektur!D35*ABS(T0_Korrektur!B35-T0_Korrektur!C$1)/T0_Korrektur!C35 -> 38.92874 | E35: =T0_Korrektur!F35*ABS(T0_Korrektur!B35-T0_Korrektur!E$1)/T0_Korrektur!E35 -> 58.588943 | F35: =T0_Korrektur!H35*ABS(T0_Korrektur!B35-T0_Korrektur!G$1)/T0_Korrektur!G35 -> 81.492389 | G35: =E35+$F$50-$E$3 -> 57.475988 | H35: =$G$3-G35 -> 42.32766 | I35: =IF(H35="","",F35-E35+E$3-F$3) -> 117.40098 | J35: =F35+E35-J$1 -> 38.876765 | K35: =IF(T0_Korrektur!I35=-999,-999,T0_Korrektur!J35*ABS(T0_Korrektur!B35-T0_Korrektur!I$1)/T0_Korrektur!I35) -> -999 | L35: =IF(T0_Korrektur!K35=-999,-999,T0_Korrektur!L35*ABS(T0_Korrektur!B35-T0_Korrektur!K$1)/T0_Korrektur!K35) -> -999 | M35: =IF(K35="","",$K$3-K35) -> 0 | N35: =IF(M35="","",L35-K35+K$3-L$3) -> 0 | O35: =L35+K35-O$1 -> #DIV/0! | P35: =IF(T0_Korrektur!M35=-999,-999,T0_Korrektur!N35*ABS(T0_Korrektur!B35-T0_Korrektur!M$1)/T0_Korrektur!M35) -> -999 | Q35: =IF(T0_Korrektur!O35=-999,-999,T0_Korrektur!P35*ABS(T0_Korrektur!B35-T0_Korrektur!O$1)/T0_Korrektur!O35) -> -999 | R35: =IF(P35="","",$P$3-P35) -> 0 | S35: =IF(R35="","",Q35-P35+P$3-Q$3) -> 0 | T35: =Q35+P35-T$1 -> #DIV/0!
A36: 34 | B36: ='Picks importieren'!B37 -> 132.5 | D36: =T0_Korrektur!D36*ABS(T0_Korrektur!B36-T0_Korrektur!C$1)/T0_Korrektur!C36 -> 40.912536 | E36: =T0_Korrektur!F36*ABS(T0_Korrektur!B36-T0_Korrektur!E$1)/T0_Korrektur!E36 -> 55.52071 | F36: =T0_Korrektur!H36*ABS(T0_Korrektur!B36-T0_Korrektur!G$1)/T0_Korrektur!G36 -> 83.332593 | G36: =E36+$F$50-$E$3 -> 54.407755 | H36: =$G$3-G36 -> 45.395893 | I36: =IF(H36="","",F36-E36+E$3-F$3) -> 122.30942 | J36: =F36+E36-J$1 -> 37.648737 | K36: =IF(T0_Korrektur!I36=-999,-999,T0_Korrektur!J36*ABS(T0_Korrektur!B36-T0_Korrektur!I$1)/T0_Korrektur!I36) -> -999 | L36: =IF(T0_Korrektur!K36=-999,-999,T0_Korrektur!L36*ABS(T0_Korrektur!B36-T0_Korrektur!K$1)/T0_Korrektur!K36) -> -999 | M36: =IF(K36="","",$K$3-K36) -> 0 | N36: =IF(M36="","",L36-K36+K$3-L$3) -> 0 | O36: =L36+K36-O$1 -> #DIV/0! | P36: =IF(T0_Korrektur!M36=-999,-999,T0_Korrektur!N36*ABS(T0_Korrektur!B36-T0_Korrektur!M$1)/T0_Korrektur!M36) -> -999 | Q36: =IF(T0_Korrektur!O36=-999,-999,T0_Korrektur!P36*ABS(T0_Korrektur!B36-T0_Korrektur!O$1)/T0_Korrektur!O36) -> -999 | R36: =IF(P36="","",$P$3-P36) -> 0 | S36: =IF(R36="","",Q36-P36+P$3-Q$3) -> 0 | T36: =Q36+P36-T$1 -> #DIV/0!
A37: 35 | B37: ='Picks importieren'!B38 -> 137.5 | D37: =T0_Korrektur!D37*ABS(T0_Korrektur!B37-T0_Korrektur!C$1)/T0_Korrektur!C37 -> 43.548833 | E37: =T0_Korrektur!F37*ABS(T0_Korrektur!B37-T0_Korrektur!E$1)/T0_Korrektur!E37 -> 53.269881 | F37: =T0_Korrektur!H37*ABS(T0_Korrektur!B37-T0_Korrektur!G$1)/T0_Korrektur!G37 -> 85.172661 | G37: =E37+$F$50-$E$3 -> 52.156926 | H37: =$G$3-G37 -> 47.646722 | I37: =IF(H37="","",F37-E37+E$3-F$3) -> 126.40032 | J37: =F37+E37-J$1 -> 37.237975 | K37: =IF(T0_Korrektur!I37=-999,-999,T0_Korrektur!J37*ABS(T0_Korrektur!B37-T0_Korrektur!I$1)/T0_Korrektur!I37) -> -999 | L37: =IF(T0_Korrektur!K37=-999,-999,T0_Korrektur!L37*ABS(T0_Korrektur!B37-T0_Korrektur!K$1)/T0_Korrektur!K37) -> -999 | M37: =IF(K37="","",$K$3-K37) -> 0 | N37: =IF(M37="","",L37-K37+K$3-L$3) -> 0 | O37: =L37+K37-O$1 -> #DIV/0! | P37: =IF(T0_Korrektur!M37=-999,-999,T0_Korrektur!N37*ABS(T0_Korrektur!B37-T0_Korrektur!M$1)/T0_Korrektur!M37) -> -999 | Q37: =IF(T0_Korrektur!O37=-999,-999,T0_Korrektur!P37*ABS(T0_Korrektur!B37-T0_Korrektur!O$1)/T0_Korrektur!O37) -> -999 | R37: =IF(P37="","",$P$3-P37) -> 0 | S37: =IF(R37="","",Q37-P37+P$3-Q$3) -> 0 | T37: =Q37+P37-T$1 -> #DIV/0!
A38: 36 | B38: ='Picks importieren'!B39 -> 142.5 | D38: =T0_Korrektur!D38*ABS(T0_Korrektur!B38-T0_Korrektur!C$1)/T0_Korrektur!C38 -> 46.089076 | E38: =T0_Korrektur!F38*ABS(T0_Korrektur!B38-T0_Korrektur!E$1)/T0_Korrektur!E38 -> 50.405297 | F38: =T0_Korrektur!H38*ABS(T0_Korrektur!B38-T0_Korrektur!G$1)/T0_Korrektur!G38 -> 87.625949 | G38: =E38+$F$50-$E$3 -> 49.292342 | H38: =$G$3-G38 -> 50.511306 | I38: =IF(H38="","",F38-E38+E$3-F$3) -> 131.71819 | J38: =F38+E38-J$1 -> 36.82668 | K38: =IF(T0_Korrektur!I38=-999,-999,T0_Korrektur!J38*ABS(T0_Korrektur!B38-T0_Korrektur!I$1)/T0_Korrektur!I38) -> -999 | L38: =IF(T0_Korrektur!K38=-999,-999,T0_Korrektur!L38*ABS(T0_Korrektur!B38-T0_Korrektur!K$1)/T0_Korrektur!K38) -> -999 | M38: =IF(K38="","",$K$3-K38) -> 0 | N38: =IF(M38="","",L38-K38+K$3-L$3) -> 0 | O38: =L38+K38-O$1 -> #DIV/0! | P38: =IF(T0_Korrektur!M38=-999,-999,T0_Korrektur!N38*ABS(T0_Korrektur!B38-T0_Korrektur!M$1)/T0_Korrektur!M38) -> -999 | Q38: =IF(T0_Korrektur!O38=-999,-999,T0_Korrektur!P38*ABS(T0_Korrektur!B38-T0_Korrektur!O$1)/T0_Korrektur!O38) -> -999 | R38: =IF(P38="","",$P$3-P38) -> 0 | S38: =IF(R38="","",Q38-P38+P$3-Q$3) -> 0 | T38: =Q38+P38-T$1 -> #DIV/0!
... A50: 48 | B50: ='Picks importieren'!B51 -> 192.5 | D50: =T0_Korrektur!D50*ABS(T0_Korrektur!B50-T0_Korrektur!C$1)/T0_Korrektur!C50 -> 70.65508 | E50: =T0_Korrektur!F50*ABS(T0_Korrektur!B50-T0_Korrektur!E$1)/T0_Korrektur!E50 -> 4.5960897 | F50: =T0_Korrektur!H50*ABS(T0_Korrektur!B50-T0_Korrektur!G$1)/T0_Korrektur!G50 -> 99.803648 | G50: =E50+$F$50-$E$3 -> 3.4831348 | H50: =$G$3-G50 -> 96.320513 | I50: =IF(H50="","",F50-E50+E$3-F$3) -> 189.7051 | J50: =F50+E50-J$1 -> 3.1951719 | K50: =IF(T0_Korrektur!I50=-999,-999,T0_Korrektur!J50*ABS(T0_Korrektur!B50-T0_Korrektur!I$1)/T0_Korrektur!I50) -> -999 | L50: =IF(T0_Korrektur!K50=-999,-999,T0_Korrektur!L50*ABS(T0_Korrektur!B50-T0_Korrektur!K$1)/T0_Korrektur!K50) -> -999 | M50: =IF(K50="","",$K$3-K50) -> 0 | N50: =IF(M50="","",L50-K50+K$3-L$3) -> 0 | O50: =L50+K50-O$1 -> #DIV/0! | P50: =IF(T0_Korrektur!M50=-999,-999,T0_Korrektur!N50*ABS(T0_Korrektur!B50-T0_Korrektur!M$1)/T0_Korrektur!M50) -> -999 | Q50: =IF(T0_Korrektur!O50=-999,-999,T0_Korrektur!P50*ABS(T0_Korrektur!B50-T0_Korrektur!O$1)/T0_Korrektur!O50) -> -999 | R50: =IF(P50="","",$P$3-P50) -> 0 | S50: =IF(R50="","",Q50-P50+P$3-Q$3) -> 0 | T50: =Q50+P50-T$1 -> #DIV/0!

Sheet Hilfsdaten
B1: 2-Schichtfall | W1: 3-Schichtfall | BP1: Theoretische Picks | BR1: Betrag der Offsets | BV1: Berechnung RMS-Fehler
B2: Picks Schicht 0 für Berechnung | F2: Picks Schicht 1 für Berechnung | L2: Darstellung | N2: Darstellung v0 | Q2: Darstellung v1 | W2: Picks Schicht 0 für Berechnung | AE2: Picks Schicht 1 für Berechnung | AM2: Picks Schicht 2 für Berechnung | AU2: Darstellung v0 | BB2: Darstellung v1 | BI2: Darstellung v2 | BP2: für Fit | BR2: für Darstellung in Fit | BV2: 2-Schicht | BZ2: 3-Schicht
A3: m | B3: Zentral - | C3: Zentral + | D3: Off-end - | E3: Off-end + | F3: Pluszeit | G3: Minuszeit | H3: Fern - | I3: Fern + | J3: Fern -- | K3: Fern ++ | L3: Pluszeit | M3: Minuszeit | N3: Zentral | O3: Off-end - | P3: Off-end + | Q3: Pluszeit | R3: Minuszeit | S3: Fern - | T3: Fern + | U3: Fern -- | V3: Fern ++ | W3: Zentral - | X3: Zentral + | Y3: Off-end - | Z3: Off-end + | AA3: Fern - | AB3: Fern + | AC3: Fern -- | AD3: Fern ++ | AE3: Zentral - | AF3: Zentral + | AG3: Off-end - | AH3: Off-end + | AI3: Fern - | AJ3: Fern + | AK3: Fern -- | AL3: Fern ++ | AM3: Zentral - | AN3: Zentral + | AO3: Off-end - | AP3: Off-end + | AQ3: Fern - | AR3: Fern + | AS3: Fern -- | AT3: Fern ++ | AU3: Zentral | AV3: Off-end - | AW3: Off-end + | AX3: Fern - | AY3: Fern + | AZ3: Fern -- | BA3: Fern ++ | BB3: Zentral | BC3: Off-end - | BD3: Off-end + | BE3: Fern - | BF3: Fern + | BG3: Fern -- | BH3: Fern ++ | BI3: Zentral | BJ3: Off-end - | BK3: Off-end + | BL3: Fern - | BM3: Fern + | BN3: Fern -- | BO3: Fern ++ | BP3: 2-Schicht | BQ3: 3-Schicht | BV3: =IF(BP4=-999,"",SQRT(SUMSQ(BV4:BY57)/COUNT(BV4:BY57))) -> 12.051379 | BZ3: =IF(BQ4=-999,"",SQRT(SUMSQ(BZ4:CC57)/COUNT(BZ4:CC57))) -> 7.0681307
A4: ='Picks importieren'!B4 -> 0 | B4: =IF(AND($A4>='Auswertung 2-Schicht'!C$3,$A4<='Auswertung 2-Schicht'!C$4),Berechnung!C3,"") | C4: =IF(AND($A4>='Auswertung 2-Schicht'!D$3,$A4<='Auswertung 2-Schicht'!D$4),Berechnung!D3,"") | D4: =IF(AND($A4>='Auswertung 2-Schicht'!E$3,$A4<='Auswertung 2-Schicht'!E$4),Berechnung!G3,"") | E4: =IF(AND($A4>='Auswertung 2-Schicht'!F$3,$A4<='Auswertung 2-Schicht'!F$4),Berechnung!F3,"") -> 6.4190662 | F4: =IF(AND($A4>='Auswertung 2-Schicht'!H$3,$A4<='Auswertung 2-Schicht'!H$4),IF('Auswertung 2-Schicht'!$H$8=1,Berechnung!I3,IF('Auswertung 2-Schicht'!$H$8=2,Berechnung!N3,Berechnung!S3)),"") | G4: =IF(AND($A4>='Auswertung 2-Schicht'!H$3,$A4<='Auswertung 2-Schicht'!H$4),IF('Auswertung 2-Schicht'!$H$8=1,Berechnung!J3,IF('Auswertung 2-Schicht'!$H$8=2,Berechnung!O3,Berechnung!T3)),"") | H4: =IF(AND($A4>='Auswertung 2-Schicht'!I$3,$A4<='Auswertung 2-Schicht'!I$4),Berechnung!K3,"") -> -999 | I4: =IF(AND($A4>='Auswertung 2-Schicht'!J$3,$A4<='Auswertung 2-Schicht'!J$4),Berechnung!L3,"") -> -999 | J4: =IF(AND($A4>='Auswertung 2-Schicht'!K$3,$A4<='Auswertung 2-Schicht'!K$4),Berechnung!P3,"") -> -999 | K4: =IF(AND($A4>='Auswertung 2-Schicht'!L$3,$A4<='Auswertung 2-Schicht'!L$4),Berechnung!Q3,"") -> -999 | L4: =IF('Auswertung 2-Schicht'!$H$8=1,Berechnung!I3,IF('Auswertung 2-Schicht'!$H$8=2,Berechnung!N3,Berechnung!S3)) -> -2.6645353e-15 | M4: =IF('Auswertung 2-Schicht'!$H$8=1,Berechnung!J3,IF('Auswertung 2-Schicht'!$H$8=2,Berechnung!O3,Berechnung!T3)) -> 6.1311032 | N4: =IF(SUM(B4:C4)=0,-999,SUM(B4:C4)) -> -999 | O4: =IF(D4="",-999,D4) -> -999 | P4: =IF(E4="",-999,E4) -> 6.4190662 | Q4: =IF(F4="",-999,F4) -> -999 | R4: =IF(G4="",-999,G4) -> -999 | S4: =IF(H4="",-999,H4) -> -999 | T4: =IF(I4="",-999,I4) -> -999 | U4: =IF(J4="",-999,J4) -> -999 | V4: =IF(K4="",-999,K4) -> -999 | W4: =IF(AND($A4>='Auswertung 3-Schicht'!D$3,$A4<='Auswertung 3-Schicht'!D$4),Berechnung!C3,"") | X4: =IF(AND($A4>='Auswertung 3-Schicht'!E$3,$A4<='Auswertung 3-Schicht'!E$4),Berechnung!D3,"") | Y4: =IF(AND($A4>='Auswertung 3-Schicht'!F$3,$A4<='Auswertung 3-Schicht'!F$4),Berechnung!E3,"") | Z4: =IF(AND($A4>='Auswertung 3-Schicht'!G$3,$A4<='Auswertung 3-Schicht'!G$4),Berechnung!F3,"") -> 6.4190662 | AA4: =IF(AND($A4>='Auswertung 3-Schicht'!H$3,$A4<='Auswertung 3-Schicht'!H$4),Berechnung!K3,"") -> -999 | AB4: =IF(AND($A4>='Auswertung 3-Schicht'!I$3,$A4<='Auswertung 3-Schicht'!I$4),Berechnung!L3,"") -> -999 | AC4: =IF(AND($A4>='Auswertung 3-Schicht'!J$3,$A4<='Auswertung 3-Schicht'!J$4),Berechnung!P3,"") -> -999 | AD4: =IF(AND($A4>='Auswertung 3-Schicht'!K$3,$A4<='Auswertung 3-Schicht'!K$4),Berechnung!Q3,"") -> -999 | AE4: =IF(AND($A4>='Auswertung 3-Schicht'!D$6,$A4<='Auswertung 3-Schicht'!D$7),Berechnung!C3,"") | AF4: =IF(AND($A4>='Auswertung 3-Schicht'!E$6,$A4<='Auswertung 3-Schicht'!E$7),Berechnung!D3,"") | AG4: =IF(AND($A4>='Auswertung 3-Schicht'!F$6,$A4<='Auswertung 3-Schicht'!F$7),Berechnung!E3,"") | AH4: =IF(AND($A4>='Auswertung 3-Schicht'!G$6,$A4<='Auswertung 3-Schicht'!G$7),Berechnung!F3,"") | AI4: =IF(AND($A4>='Auswertung 3-Schicht'!H$6,$A4<='Auswertung 3-Schicht'!H$7),Berechnung!K3,"") -> -999 | AJ4: =IF(AND($A4>='Auswertung 3-Schicht'!I$6,$A4<='Auswertung 3-Schicht'!I$7),Berechnung!L3,"") -> -999 | AK4: =IF(AND($A4>='Auswertung 3-Schicht'!J$6,$A4<='Auswertung 3-Schicht'!J$7),Berechnung!P3,"") -> -999 | AL4: =IF(AND($A4>='Auswertung 3-Schicht'!K$6,$A4<='Auswertung 3-Schicht'!K$7),Berechnung!Q3,"") -> -999 | AM4: =IF(AND($A4>='Auswertung 3-Schicht'!D$10,$A4<='Auswertung 3-Schicht'!D$11),Berechnung!C3,"") -> 69.428671 | AN4: =IF(AND($A4>='Auswertung 3-Schicht'!E$10,$A4<='Auswertung 3-Schicht'!E$11),Berechnung!D3,"") | AO4: =IF(AND($A4>='Auswertung 3-Schicht'!F$10,$A4<='Auswertung 3-Schicht'!F$11),Berechnung!E3,"") -> 100.9166 | AP4: =IF(AND($A4>='Auswertung 3-Schicht'!G$10,$A4<='Auswertung 3-Schicht'!G$11),Berechnung!F3,"") | AQ4: =IF(AND($A4>='Auswertung 3-Schicht'!H$10,$A4<='Auswertung 3-Schicht'!H$11),Berechnung!K3,"") -> -999 | AR4: =IF(AND($A4>='Auswertung 3-Schicht'!I$10,$A4<='Auswertung 3-Schicht'!I$11),Berechnung!L3,"") -> -999 | AS4: =IF(AND($A4>='Auswertung 3-Schicht'!J$10,$A4<='Auswertung 3-Schicht'!J$11),Berechnung!P3,"") -> -999 | AT4: =IF(AND($A4>='Auswertung 3-Schicht'!K$10,$A4<='Auswertung 3-Schicht'!K$11),Berechnung!Q3,"") -> -999 | AU4: =IF(SUM(W4:X4)=0,-999,SUM(W4:X4)) -> -999 | AV4: =IF(Y4="",-999,Y4) -> -999 | AW4: =IF(Z4="",-999,Z4) -> 6.4190662 | AX4: =IF(AA4="",-999,AA4) -> -999 | AY4: =IF(AB4="",-999,AB4) -> -999 | AZ4: =IF(AC4="",-999,AC4) -> -999 | BA4: =IF(AD4="",-999,AD4) -> -999 | BB4: =IF(SUM(AE4:AF4)=0,-999,SUM(AE4:AF4)) -> -999 | BC4: =IF(AG4="",-999,AG4) -> -999 | BD4: =IF(AH4="",-999,AH4) -> -999 | BE4: =IF(AI4="",-999,AI4) -> -999 | BF4: =IF(AJ4="",-999,AJ4) -> -999 | BG4: =IF(AK4="",-999,AK4) -> -999 | BH4: =IF(AL4="",-999,AL4) -> -999 | BI4: =IF(SUM(AM4:AN4)=0,-999,SUM(AM4:AN4)) -> 69.428671 | BJ4: =IF(AO4="",-999,AO4) -> 100.9166 | BK4: =IF(AP4="",-999,AP4) -> -999 | BL4: =IF(AQ4="",-999,AQ4) -> -999 | BM4: =IF(AR4="",-999,AR4) -> -999 | BN4: =IF(AS4="",-999,AS4) -> -999 | BO4: =IF(AT4="",-999,AT4) -> -999 | BP4: =IF('Auswertung 2-Schicht'!O$4="",-999,MIN(1000*SQRT((A4+1)^2+AVERAGE(T0_Korrektur!D$1,T0_Korrektur!F$1,T0_Korrektur!H$1)^2)/'Auswertung 2-Schicht'!$O$4,'Auswertung 2-Schicht'!$O$8+1000*SQRT((A4+1)^2+AVERAGE(T0_Korrektur!D$1,T0_Korrektur!F$1,T0_Korrektur!H$1)^2)/'Auswertung 2-Schicht'!$O$7)) -> 3.7625176 | BQ4: =IF('Auswertung 3-Schicht'!N$4="",-999,IF('Auswertung 3-Schicht'!N$8="",MIN(1000*SQRT((A4+1)^2+AVERAGE(T0_Korrektur!D$1,T0_Korrektur!F$1,T0_Korrektur!H$1)^2)/'Auswertung 3-Schicht'!N$4,'Auswertung 3-Schicht'!N$6+1000*SQRT((A4+1)^2+AVERAGE(T0_Korrektur!D$1,T0_Korrektur!F$1,T0_Korrektur!H$1)^2)/'Auswertung 3-Schicht'!N$5),MIN(1000*SQRT((A4+1)^2+AVERAGE(T0_Korrektur!D$1,T0_Korrektur!F$1,T0_Korrektur!H$1)^2)/'Auswertung 3-Schicht'!N$4,'Auswertung 3-Schicht'!N$6+1000*SQRT((A4+1)^2+AVERAGE(T0_Korrektur!D$1,T0_Korrektur!F$1,T0_Korrektur!H$1)^2)/'Auswertung 3-Schicht'!N$5,'Auswertung 3-Schicht'!N$9+1000*SQRT((A4+1)^2+AVERAGE(T0_Korrektur!D$1,T0_Korrektur!F$1,T0_Korrektur!H$1)^2)/'Auswertung 3-Schicht'!N$8))) -> 3.6808476 | BR4: =ABS(T0_Korrektur!C3) -> 96.265012 | BS4: =ABS(T0_Korrektur!E3) -> 195.00656 | BT4: =ABS(T0_Korrektur!I3) -> 999 | BU4: =ABS(T0_Korrektur!M3) -> 999 | BV4: =IF(T0_Korrektur!H3="","",T0_Korrektur!H3-Hilfsdaten!BP4) -> 4.1472724 | BW4: =IF(T0_Korrektur!D27="","",T0_Korrektur!D27-Hilfsdaten!BP4) -> 0.26334237 | BX4: =IF(T0_Korrektur!D26="","",T0_Korrektur!D26-Hilfsdaten!BP4) -> -0.55433763 | BY4: =IF(T0_Korrektur!F56="","",T0_Korrektur!F56-Hilfsdaten!BP4) | BZ4: =IF(T0_Korrektur!H3="","",T0_Korrektur!H3-Hilfsdaten!BQ4) -> 4.2289424 | CA4: =IF(T0_Korrektur!D27="","",T0_Korrektur!D27-Hilfsdaten!BQ4) -> 0.34501236 | CB4: =IF(T0_Korrektur!D26="","",T0_Korrektur!D26-Hilfsdaten!BQ4) -> -0.47266764 | CC4: =IF(T0_Korrektur!F56="","",T0_Korrektur!F56-Hilfsdaten!BQ4)
A5: ='Picks importieren'!B5 -> 2.5 | B5: =IF(AND($A5>='Auswertung 2-Schicht'!C$3,$A5<='Auswertung 2-Schicht'!C$4),Berechnung!C4,"") | C5: =IF(AND($A5>='Auswertung 2-Schicht'!D$3,$A5<='Auswertung 2-Schicht'!D$4),Berechnung!D4,"") | D5: =IF(AND($A5>='Auswertung 2-Schicht'!E$3,$A5<='Auswertung 2-Schicht'!E$4),Berechnung!G4,"") | E5: =IF(AND($A5>='Auswertung 2-Schicht'!F$3,$A5<='Auswertung 2-Schicht'!F$4),Berechnung!F4,"") -> 12.827589 | F5: =IF(AND($A5>='Auswertung 2-Schicht'!H$3,$A5<='Auswertung 2-Schicht'!H$4),IF('Auswertung 2-Schicht'!$H$8=1,Berechnung!I4,IF('Auswertung 2-Schicht'!$H$8=2,Berechnung!N4,Berechnung!S4)),"") | G5: =IF(AND($A5>='Auswertung 2-Schicht'!H$3,$A5<='Auswertung 2-Schicht'!H$4),IF('Auswertung 2-Schicht'!$H$8=1,Berechnung!J4,IF('Auswertung 2-Schicht'!$H$8=2,Berechnung!O4,Berechnung!T4)),"") | H5: =IF(AND($A5>='Auswertung 2-Schicht'!I$3,$A5<='Auswertung 2-Schicht'!I$4),Berechnung!K4,"") | I5: =IF(AND($A5>='Auswertung 2-Schicht'!J$3,$A5<='Auswertung 2-Schicht'!J$4),Berechnung!L4,"") | J5: =IF(AND($A5>='Auswertung 2-Schicht'!K$3,$A5<='Auswertung 2-Schicht'!K$4),Berechnung!P4,"") | K5: =IF(AND($A5>='Auswertung 2-Schicht'!L$3,$A5<='Auswertung 2-Schicht'!L$4),Berechnung!Q4,"") | L5: =IF('Auswertung 2-Schicht'!$H$8=1,Berechnung!I4,IF('Auswertung 2-Schicht'!$H$8=2,Berechnung!N4,Berechnung!S4)) -> 6.817597 | M5: =IF('Auswertung 2-Schicht'!$H$8=1,Berechnung!J4,IF('Auswertung 2-Schicht'!$H$8=2,Berechnung!O4,Berechnung!T4)) -> 12.130551 | N5: =IF(SUM(B5:C5)=0,-999,SUM(B5:C5)) -> -999 | O5: =IF(D5="",-999,D5) -> -999 | P5: =IF(E5="",-999,E5) -> 12.827589 | Q5: =IF(F5="",-999,F5) -> -999 | R5: =IF(G5="",-999,G5) -> -999 | S5: =IF(H5="",-999,H5) -> -999 | T5: =IF(I5="",-999,I5) -> -999 | U5: =IF(J5="",-999,J5) -> -999 | V5: =IF(K5="",-999,K5) -> -999 | W5: =IF(AND($A5>='Auswertung 3-Schicht'!D$3,$A5<='Auswertung 3-Schicht'!D$4),Berechnung!C4,"") | X5: =IF(AND($A5>='Auswertung 3-Schicht'!E$3,$A5<='Auswertung 3-Schicht'!E$4),Berechnung!D4,"") | Y5: =IF(AND($A5>='Auswertung 3-Schicht'!F$3,$A5<='Auswertung 3-Schicht'!F$4),Berechnung!E4,"") | Z5: =IF(AND($A5>='Auswertung 3-Schicht'!G$3,$A5<='Auswertung 3-Schicht'!G$4),Berechnung!F4,"") -> 12.827589 | AA5: =IF(AND($A5>='Auswertung 3-Schicht'!H$3,$A5<='Auswertung 3-Schicht'!H$4),Berechnung!K4,"") | AB5: =IF(AND($A5>='Auswertung 3-Schicht'!I$3,$A5<='Auswertung 3-Schicht'!I$4),Berechnung!L4,"") | AC5: =IF(AND($A5>='Auswertung 3-Schicht'!J$3,$A5<='Auswertung 3-Schicht'!J$4),Berechnung!P4,"") | AD5: =IF(AND($A5>='Auswertung 3-Schicht'!K$3,$A5<='Auswertung 3-Schicht'!K$4),Berechnung!Q4,"") | AE5: =IF(AND($A5>='Auswertung 3-Schicht'!D$6,$A5<='Auswertung 3-Schicht'!D$7),Berechnung!C4,"") | AF5: =IF(AND($A5>='Auswertung 3-Schicht'!E$6,$A5<='Auswertung 3-Schicht'!E$7),Berechnung!D4,"") | AG5: =IF(AND($A5>='Auswertung 3-Schicht'!F$6,$A5<='Auswertung 3-Schicht'!F$7),Berechnung!E4,"") | AH5: =IF(AND($A5>='Auswertung 3-Schicht'!G$6,$A5<='Auswertung 3-Schicht'!G$7),Berechnung!F4,"") | AI5: =IF(AND($A5>='Auswertung 3-Schicht'!H$6,$A5<='Auswertung 3-Schicht'!H$7),Berechnung!K4,"") | AJ5: =IF(AND($A5>='Auswertung 3-Schicht'!I$6,$A5<='Auswertung 3-Schicht'!I$7),Berechnung!L4,"") | AK5: =IF(AND($A5>='Auswertung 3-Schicht'!J$6,$A5<='Auswertung 3-Schicht'!J$7),Berechnung!P4,"") | AL5: =IF(AND($A5>='Auswertung 3-Schicht'!K$6,$A5<='Auswertung 3-Schicht'!K$7),Berechnung!Q4,"") | AM5: =IF(AND($A5>='Auswertung 3-Schicht'!D$10,$A5<='Auswertung 3-Schicht'!D$11),Berechnung!C4,"") -> 68.814987 | AN5: =IF(AND($A5>='Auswertung 3-Schicht'!E$10,$A5<='Auswertung 3-Schicht'!E$11),Berechnung!D4,"") | AO5: =IF(AND($A5>='Auswertung 3-Schicht'!F$10,$A5<='Auswertung 3-Schicht'!F$11),Berechnung!E4,"") -> 100.50753 | AP5: =IF(AND($A5>='Auswertung 3-Schicht'!G$10,$A5<='Auswertung 3-Schicht'!G$11),Berechnung!F4,"") | AQ5: =IF(AND($A5>='Auswertung 3-Schicht'!H$10,$A5<='Auswertung 3-Schicht'!H$11),Berechnung!K4,"") | AR5: =IF(AND($A5>='Auswertung 3-Schicht'!I$10,$A5<='Auswertung 3-Schicht'!I$11),Berechnung!L4,"") | AS5: =IF(AND($A5>='Auswertung 3-Schicht'!J$10,$A5<='Auswertung 3-Schicht'!J$11),Berechnung!P4,"") | AT5: =IF(AND($A5>='Auswertung 3-Schicht'!K$10,$A5<='Auswertung 3-Schicht'!K$11),Berechnung!Q4,"") | AU5: =IF(SUM(W5:X5)=0,-999,SUM(W5:X5)) -> -999 | AV5: =IF(Y5="",-999,Y5) -> -999 | AW5: =IF(Z5="",-999,Z5) -> 12.827589 | AX5: =IF(AA5="",-999,AA5) -> -999 | AY5: =IF(AB5="",-999,AB5) -> -999 | AZ5: =IF(AC5="",-999,AC5) -> -999 | BA5: =IF(AD5="",-999,AD5) -> -999 | BB5: =IF(SUM(AE5:AF5)=0,-999,SUM(AE5:AF5)) -> -999 | BC5: =IF(AG5="",-999,AG5) -> -999 | BD5: =IF(AH5="",-999,AH5) -> -999 | BE5: =IF(AI5="",-999,AI5) -> -999 | BF5: =IF(AJ5="",-999,AJ5) -> -999 | BG5: =IF(AK5="",-999,AK5) -> -999 | BH5: =IF(AL5="",-999,AL5) -> -999 | BI5: =IF(SUM(AM5:AN5)=0,-999,SUM(AM5:AN5)) -> 68.814987 | BJ5: =IF(AO5="",-999,AO5) -> 100.50753 | BK5: =IF(AP5="",-999,AP5) -> -999 | BL5: =IF(AQ5="",-999,AQ5) -> -999 | BM5: =IF(AR5="",-999,AR5) -> -999 | BN5: =IF(AS5="",-999,AS5) -> -999 | BO5: =IF(AT5="",-999,AT5) -> -999 | BP5: =IF('Auswertung 2-Schicht'!O$4="",-999,MIN(1000*SQRT((A5+1)^2+AVERAGE(T0_Korrektur!D$1,T0_Korrektur!F$1,T0_Korrektur!H$1)^2)/'Auswertung 2-Schicht'!$O$4,'Auswertung 2-Schicht'!$O$8+1000*SQRT((A5+1)^2+AVERAGE(T0_Korrektur!D$1,T0_Korrektur!F$1,T0_Korrektur!H$1)^2)/'Auswertung 2-Schicht'!$O$7)) -> 7.4227816 | BQ5: =IF('Auswertung 3-Schicht'!N$4="",-999,IF('Auswertung 3-Schicht'!N$8="",MIN(1000*SQRT((A5+1)^2+AVERAGE(T0_Korrektur!D$1,T0_Korrektur!F$1,T0_Korrektur!H$1)^2)/'Auswertung 3-Schicht'!N$4,'Auswertung 3-Schicht'!N$6+1000*SQRT((A5+1)^2+AVERAGE(T0_Korrektur!D$1,T0_Korrektur!F$1,T0_Korrektur!H$1)^2)/'Auswertung 3-Schicht'!N$5),MIN(1000*SQRT((A5+1)^2+AVERAGE(T0_Korrektur!D$1,T0_Korrektur!F$1,T0_Korrektur!H$1)^2)/'Auswertung 3-Schicht'!N$4,'Auswertung 3-Schicht'!N$6+1000*SQRT((A5+1)^2+AVERAGE(T0_Korrektur!D$1,T0_Korrektur!F$1,T0_Korrektur!H$1)^2)/'Auswertung 3-Schicht'!N$5,'Auswertung 3-Schicht'!N$9+1000*SQRT((A5+1)^2+AVERAGE(T0_Korrektur!D$1,T0_Korrektur!F$1,T0_Korrektur!H$1)^2)/'Auswertung 3-Schicht'!N$8))) -> 7.2616611 | BR5: =ABS(T0_Korrektur!C4) -> 93.765412 | BS5: =ABS(T0_Korrektur!E4) -> 192.50665 | BT5: =ABS(T0_Korrektur!I4) -> 999 | BU5: =ABS(T0_Korrektur!M4) -> 999 | BV5: =IF(T0_Korrektur!H4="","",T0_Korrektur!H4-Hilfsdaten!BP5) -> 6.2107184 | BW5: =IF(T0_Korrektur!D28="","",T0_Korrektur!D28-Hilfsdaten!BP5) -> 1.7135184 | BX5: =IF(T0_Korrektur!D25="","",T0_Korrektur!D25-Hilfsdaten!BP5) -> 0.69142844 | BY5: =IF(T0_Korrektur!F55="","",T0_Korrektur!F55-Hilfsdaten!BP5) | BZ5: =IF(T0_Korrektur!H4="","",T0_Korrektur!H4-Hilfsdaten!BQ5) -> 6.3718389 | CA5: =IF(T0_Korrektur!D28="","",T0_Korrektur!D28-Hilfsdaten!BQ5) -> 1.8746389 | CB5: =IF(T0_Korrektur!D25="","",T0_Korrektur!D25-Hilfsdaten!BQ5) -> 0.85254888 | CC5: =IF(T0_Korrektur!F55="","",T0_Korrektur!F55-Hilfsdaten!BQ5)
A6: ='Picks importieren'!B6 -> 5 | B6: =IF(AND($A6>='Auswertung 2-Schicht'!C$3,$A6<='Auswertung 2-Schicht'!C$4),Berechnung!C5,"") | C6: =IF(AND($A6>='Auswertung 2-Schicht'!D$3,$A6<='Auswertung 2-Schicht'!D$4),Berechnung!D5,"") | D6: =IF(AND($A6>='Auswertung 2-Schicht'!E$3,$A6<='Auswertung 2-Schicht'!E$4),Berechnung!G5,"") | E6: =IF(AND($A6>='Auswertung 2-Schicht'!F$3,$A6<='Auswertung 2-Schicht'!F$4),Berechnung!F5,"") -> 17.992277 | F6: =IF(AND($A6>='Auswertung 2-Schicht'!H$3,$A6<='Auswertung 2-Schicht'!H$4),IF('Auswertung 2-Schicht'!$H$8=1,Berechnung!I5,IF('Auswertung 2-Schicht'!$H$8=2,Berechnung!N5,Berechnung!S5)),"") | G6: =IF(AND($A6>='Auswertung 2-Schicht'!H$3,$A6<='Auswertung 2-Schicht'!H$4),IF('Auswertung 2-Schicht'!$H$8=1,Berechnung!J5,IF('Auswertung 2-Schicht'!$H$8=2,Berechnung!O5,Berechnung!T5)),"") | H6: =IF(AND($A6>='Auswertung 2-Schicht'!I$3,$A6<='Auswertung 2-Schicht'!I$4),Berechnung!K5,"") | I6: =IF(AND($A6>='Auswertung 2-Schicht'!J$3,$A6<='Auswertung 2-Schicht'!J$4),Berechnung!L5,"") | J6: =IF(AND($A6>='Auswertung 2-Schicht'!K$3,$A6<='Auswertung 2-Schicht'!K$4),Berechnung!P5,"") | K6: =IF(AND($A6>='Auswertung 2-Schicht'!L$3,$A6<='Auswertung 2-Schicht'!L$4),Berechnung!Q5,"") | L6: =IF('Auswertung 2-Schicht'!$H$8=1,Berechnung!I5,IF('Auswertung 2-Schicht'!$H$8=2,Berechnung!N5,Berechnung!S5)) -> 12.391363 | M6: =IF('Auswertung 2-Schicht'!$H$8=1,Berechnung!J5,IF('Auswertung 2-Schicht'!$H$8=2,Berechnung!O5,Berechnung!T5)) -> 16.886162 | N6: =IF(SUM(B6:C6)=0,-999,SUM(B6:C6)) -> -999 | O6: =IF(D6="",-999,D6) -> -999 | P6: =IF(E6="",-999,E6) -> 17.992277 | Q6: =IF(F6="",-999,F6) -> -999 | R6: =IF(G6="",-999,G6) -> -999 | S6: =IF(H6="",-999,H6) -> -999 | T6: =IF(I6="",-999,I6) -> -999 | U6: =IF(J6="",-999,J6) -> -999 | V6: =IF(K6="",-999,K6) -> -999 | W6: =IF(AND($A6>='Auswertung 3-Schicht'!D$3,$A6<='Auswertung 3-Schicht'!D$4),Berechnung!C5,"") | X6: =IF(AND($A6>='Auswertung 3-Schicht'!E$3,$A6<='Auswertung 3-Schicht'!E$4),Berechnung!D5,"") | Y6: =IF(AND($A6>='Auswertung 3-Schicht'!F$3,$A6<='Auswertung 3-Schicht'!F$4),Berechnung!E5,"") | Z6: =IF(AND($A6>='Auswertung 3-Schicht'!G$3,$A6<='Auswertung 3-Schicht'!G$4),Berechnung!F5,"") -> 17.992277 | AA6: =IF(AND($A6>='Auswertung 3-Schicht'!H$3,$A6<='Auswertung 3-Schicht'!H$4),Berechnung!K5,"") | AB6: =IF(AND($A6>='Auswertung 3-Schicht'!I$3,$A6<='Auswertung 3-Schicht'!I$4),Berechnung!L5,"") | AC6: =IF(AND($A6>='Auswertung 3-Schicht'!J$3,$A6<='Auswertung 3-Schicht'!J$4),Berechnung!P5,"") | AD6: =IF(AND($A6>='Auswertung 3-Schicht'!K$3,$A6<='Auswertung 3-Schicht'!K$4),Berechnung!Q5,"") | AE6: =IF(AND($A6>='Auswertung 3-Schicht'!D$6,$A6<='Auswertung 3-Schicht'!D$7),Berechnung!C5,"") | AF6: =IF(AND($A6>='Auswertung 3-Schicht'!E$6,$A6<='Auswertung 3-Schicht'!E$7),Berechnung!D5,"") | AG6: =IF(AND($A6>='Auswertung 3-Schicht'!F$6,$A6<='Auswertung 3-Schicht'!F$7),Berechnung!E5,"") | AH6: =IF(AND($A6>='Auswertung 3-Schicht'!G$6,$A6<='Auswertung 3-Schicht'!G$7),Berechnung!F5,"") | AI6: =IF(AND($A6>='Auswertung 3-Schicht'!H$6,$A6<='Auswertung 3-Schicht'!H$7),Berechnung!K5,"") | AJ6: =IF(AND($A6>='Auswertung 3-Schicht'!I$6,$A6<='Auswertung 3-Schicht'!I$7),Berechnung!L5,"") | AK6: =IF(AND($A6>='Auswertung 3-Schicht'!J$6,$A6<='Auswertung 3-Schicht'!J$7),Berechnung!P5,"") | AL6: =IF(AND($A6>='Auswertung 3-Schicht'!K$6,$A6<='Auswertung 3-Schicht'!K$7),Berechnung!Q5,"") | AM6: =IF(AND($A6>='Auswertung 3-Schicht'!D$10,$A6<='Auswertung 3-Schicht'!D$11),Berechnung!C5,"") -> 67.996801 | AN6: =IF(AND($A6>='Auswertung 3-Schicht'!E$10,$A6<='Auswertung 3-Schicht'!E$11),Berechnung!D5,"") | AO6: =IF(AND($A6>='Auswertung 3-Schicht'!F$10,$A6<='Auswertung 3-Schicht'!F$11),Berechnung!E5,"") -> 100.09845 | AP6: =IF(AND($A6>='Auswertung 3-Schicht'!G$10,$A6<='Auswertung 3-Schicht'!G$11),Berechnung!F5,"") | AQ6: =IF(AND($A6>='Auswertung 3-Schicht'!H$10,$A6<='Auswertung 3-Schicht'!H$11),Berechnung!K5,"") | AR6: =IF(AND($A6>='Auswertung 3-Schicht'!I$10,$A6<='Auswertung 3-Schicht'!I$11),Berechnung!L5,"") | AS6: =IF(AND($A6>='Auswertung 3-Schicht'!J$10,$A6<='Auswertung 3-Schicht'!J$11),Berechnung!P5,"") | AT6: =IF(AND($A6>='Auswertung 3-Schicht'!K$10,$A6<='Auswertung 3-Schicht'!K$11),Berechnung!Q5,"") | AU6: =IF(SUM(W6:X6)=0,-999,SUM(W6:X6)) -> -999 | AV6: =IF(Y6="",-999,Y6) -> -999 | AW6: =IF(Z6="",-999,Z6) -> 17.992277 | AX6: =IF(AA6="",-999,AA6) -> -999 | AY6: =IF(AB6="",-999,AB6) -> -999 | AZ6: =IF(AC6="",-999,AC6) -> -999 | BA6: =IF(AD6="",-999,AD6) -> -999 | BB6: =IF(SUM(AE6:AF6)=0,-999,SUM(AE6:AF6)) -> -999 | BC6: =IF(AG6="",-999,AG6) -> -999 | BD6: =IF(AH6="",-999,AH6) -> -999 | BE6: =IF(AI6="",-999,AI6) -> -999 | BF6: =IF(AJ6="",-999,AJ6) -> -999 | BG6: =IF(AK6="",-999,AK6) -> -999 | BH6: =IF(AL6="",-999,AL6) -> -999 | BI6: =IF(SUM(AM6:AN6)=0,-999,SUM(AM6:AN6)) -> 67.996801 | BJ6: =IF(AO6="",-999,AO6) -> 100.09845 | BK6: =IF(AP6="",-999,AP6) -> -999 | BL6: =IF(AQ6="",-999,AQ6) -> -999 | BM6: =IF(AR6="",-999,AR6) -> -999 | BN6: =IF(AS6="",-999,AS6) -> -999 | BO6: =IF(AT6="",-999,AT6) -> -999 | BP6: =IF('Auswertung 2-Schicht'!O$4="",-999,MIN(1000*SQRT((A6+1)^2+AVERAGE(T0_Korrektur!D$1,T0_Korrektur!F$1,T0_Korrektur!H$1)^2)/'Auswertung 2-Schicht'!$O$4,'Auswertung 2-Schicht'!$O$8+1000*SQRT((A6+1)^2+AVERAGE(T0_Korrektur!D$1,T0_Korrektur!F$1,T0_Korrektur!H$1)^2)/'Auswertung 2-Schicht'!$O$7)) -> 11.896596 | BQ6: =IF('Auswertung 3-Schicht'!N$4="",-999,IF('Auswertung 3-Schicht'!N$8="",MIN(1000*SQRT((A6+1)^2+AVERAGE(T0_Korrektur!D$1,T0_Korrektur!F$1,T0_Korrektur!H$1)^2)/'Auswertung 3-Schicht'!N$4,'Auswertung 3-Schicht'!N$6+1000*SQRT((A6+1)^2+AVERAGE(T0_Korrektur!D$1,T0_Korrektur!F$1,T0_Korrektur!H$1)^2)/'Auswertung 3-Schicht'!N$5),MIN(1000*SQRT((A6+1)^2+AVERAGE(T0_Korrektur!D$1,T0_Korrektur!F$1,T0_Korrektur!H$1)^2)/'Auswertung 3-Schicht'!N$4,'Auswertung 3-Schicht'!N$6+1000*SQRT((A6+1)^2+AVERAGE(T0_Korrektur!D$1,T0_Korrektur!F$1,T0_Korrektur!H$1)^2)/'Auswertung 3-Schicht'!N$5,'Auswertung 3-Schicht'!N$9+1000*SQRT((A6+1)^2+AVERAGE(T0_Korrektur!D$1,T0_Korrektur!F$1,T0_Korrektur!H$1)^2)/'Auswertung 3-Schicht'!N$8))) -> 11.638366 | BR6: =ABS(T0_Korrektur!C5) -> 91.265834 | BS6: =ABS(T0_Korrektur!E5) -> 190.00674 | BT6: =ABS(T0_Korrektur!I5) -> 999 | BU6: =ABS(T0_Korrektur!M5) -> 999 | BV6: =IF(T0_Korrektur!H5="","",T0_Korrektur!H5-Hilfsdaten!BP6) -> 6.606604 | BW6: =IF(T0_Korrektur!D29="","",T0_Korrektur!D29-Hilfsdaten!BP6) -> 1.941304 | BX6: =IF(T0_Korrektur!D24="","",T0_Korrektur!D24-Hilfsdaten!BP6) -> 1.328104 | BY6: =IF(T0_Korrektur!F54="","",T0_Korrektur!F54-Hilfsdaten!BP6) | BZ6: =IF(T0_Korrektur!H5="","",T0_Korrektur!H5-Hilfsdaten!BQ6) -> 6.864834 | CA6: =IF(T0_Korrektur!D29="","",T0_Korrektur!D29-Hilfsdaten!BQ6) -> 2.199534 | CB6: =IF(T0_Korrektur!D24="","",T0_Korrektur!D24-Hilfsdaten!BQ6) -> 1.586334 | CC6: =IF(T0_Korrektur!F54="","",T0_Korrektur!F54-Hilfsdaten!BQ6)
A7: ='Picks importieren'!B7 -> 7.5 | B7: =IF(AND($A7>='Auswertung 2-Schicht'!C$3,$A7<='Auswertung 2-Schicht'!C$4),Berechnung!C6,"") | C7: =IF(AND($A7>='Auswertung 2-Schicht'!D$3,$A7<='Auswertung 2-Schicht'!D$4),Berechnung!D6,"") | D7: =IF(AND($A7>='Auswertung 2-Schicht'!E$3,$A7<='Auswertung 2-Schicht'!E$4),Berechnung!G6,"") | E7: =IF(AND($A7>='Auswertung 2-Schicht'!F$3,$A7<='Auswertung 2-Schicht'!F$4),Berechnung!F6,"") -> 23.251036 | F7: =IF(AND($A7>='Auswertung 2-Schicht'!H$3,$A7<='Auswertung 2-Schicht'!H$4),IF('Auswertung 2-Schicht'!$H$8=1,Berechnung!I6,IF('Auswertung 2-Schicht'!$H$8=2,Berechnung!N6,Berechnung!S6)),"") | G7: =IF(AND($A7>='Auswertung 2-Schicht'!H$3,$A7<='Auswertung 2-Schicht'!H$4),IF('Auswertung 2-Schicht'!$H$8=1,Berechnung!J6,IF('Auswertung 2-Schicht'!$H$8=2,Berechnung!O6,Berechnung!T6)),"") | H7: =IF(AND($A7>='Auswertung 2-Schicht'!I$3,$A7<='Auswertung 2-Schicht'!I$4),Berechnung!K6,"") | I7: =IF(AND($A7>='Auswertung 2-Schicht'!J$3,$A7<='Auswertung 2-Schicht'!J$4),Berechnung!L6,"") | J7: =IF(AND($A7>='Auswertung 2-Schicht'!K$3,$A7<='Auswertung 2-Schicht'!K$4),Berechnung!P6,"") | K7: =IF(AND($A7>='Auswertung 2-Schicht'!L$3,$A7<='Auswertung 2-Schicht'!L$4),Berechnung!Q6,"") | L7: =IF('Auswertung 2-Schicht'!$H$8=1,Berechnung!I6,IF('Auswertung 2-Schicht'!$H$8=2,Berechnung!N6,Berechnung!S6)) -> 18.467687 | M7: =IF('Auswertung 2-Schicht'!$H$8=1,Berechnung!J6,IF('Auswertung 2-Schicht'!$H$8=2,Berechnung!O6,Berechnung!T6)) -> 21.327355 | N7: =IF(SUM(B7:C7)=0,-999,SUM(B7:C7)) -> -999 | O7: =IF(D7="",-999,D7) -> -999 | P7: =IF(E7="",-999,E7) -> 23.251036 | Q7: =IF(F7="",-999,F7) -> -999 | R7: =IF(G7="",-999,G7) -> -999 | S7: =IF(H7="",-999,H7) -> -999 | T7: =IF(I7="",-999,I7) -> -999 | U7: =IF(J7="",-999,J7) -> -999 | V7: =IF(K7="",-999,K7) -> -999 | W7: =IF(AND($A7>='Auswertung 3-Schicht'!D$3,$A7<='Auswertung 3-Schicht'!D$4),Berechnung!C6,"") | X7: =IF(AND($A7>='Auswertung 3-Schicht'!E$3,$A7<='Auswertung 3-Schicht'!E$4),Berechnung!D6,"") | Y7: =IF(AND($A7>='Auswertung 3-Schicht'!F$3,$A7<='Auswertung 3-Schicht'!F$4),Berechnung!E6,"") | Z7: =IF(AND($A7>='Auswertung 3-Schicht'!G$3,$A7<='Auswertung 3-Schicht'!G$4),Berechnung!F6,"") -> 23.251036 | AA7: =IF(AND($A7>='Auswertung 3-Schicht'!H$3,$A7<='Auswertung 3-Schicht'!H$4),Berechnung!K6,"") | AB7: =IF(AND($A7>='Auswertung 3-Schicht'!I$3,$A7<='Auswertung 3-Schicht'!I$4),Berechnung!L6,"") | AC7: =IF(AND($A7>='Auswertung 3-Schicht'!J$3,$A7<='Auswertung 3-Schicht'!J$4),Berechnung!P6,"") | AD7: =IF(AND($A7>='Auswertung 3-Schicht'!K$3,$A7<='Auswertung 3-Schicht'!K$4),Berechnung!Q6,"") | AE7: =IF(AND($A7>='Auswertung 3-Schicht'!D$6,$A7<='Auswertung 3-Schicht'!D$7),Berechnung!C6,"") | AF7: =IF(AND($A7>='Auswertung 3-Schicht'!E$6,$A7<='Auswertung 3-Schicht'!E$7),Berechnung!D6,"") | AG7: =IF(AND($A7>='Auswertung 3-Schicht'!F$6,$A7<='Auswertung 3-Schicht'!F$7),Berechnung!E6,"") | AH7: =IF(AND($A7>='Auswertung 3-Schicht'!G$6,$A7<='Auswertung 3-Schicht'!G$7),Berechnung!F6,"") | AI7: =IF(AND($A7>='Auswertung 3-Schicht'!H$6,$A7<='Auswertung 3-Schicht'!H$7),Berechnung!K6,"") | AJ7: =IF(AND($A7>='Auswertung 3-Schicht'!I$6,$A7<='Auswertung 3-Schicht'!I$7),Berechnung!L6,"") | AK7: =IF(AND($A7>='Auswertung 3-Schicht'!J$6,$A7<='Auswertung 3-Schicht'!J$7),Berechnung!P6,"") | AL7: =IF(AND($A7>='Auswertung 3-Schicht'!K$6,$A7<='Auswertung 3-Schicht'!K$7),Berechnung!Q6,"") | AM7: =IF(AND($A7>='Auswertung 3-Schicht'!D$10,$A7<='Auswertung 3-Schicht'!D$11),Berechnung!C6,"") -> 67.178577 | AN7: =IF(AND($A7>='Auswertung 3-Schicht'!E$10,$A7<='Auswertung 3-Schicht'!E$11),Berechnung!D6,"") | AO7: =IF(AND($A7>='Auswertung 3-Schicht'!F$10,$A7<='Auswertung 3-Schicht'!F$11),Berechnung!E6,"") -> 99.280885 | AP7: =IF(AND($A7>='Auswertung 3-Schicht'!G$10,$A7<='Auswertung 3-Schicht'!G$11),Berechnung!F6,"") | AQ7: =IF(AND($A7>='Auswertung 3-Schicht'!H$10,$A7<='Auswertung 3-Schicht'!H$11),Berechnung!K6,"") | AR7: =IF(AND($A7>='Auswertung 3-Schicht'!I$10,$A7<='Auswertung 3-Schicht'!I$11),Berechnung!L6,"") | AS7: =IF(AND($A7>='Auswertung 3-Schicht'!J$10,$A7<='Auswertung 3-Schicht'!J$11),Berechnung!P6,"") | AT7: =IF(AND($A7>='Auswertung 3-Schicht'!K$10,$A7<='Auswertung 3-Schicht'!K$11),Berechnung!Q6,"") | AU7: =IF(SUM(W7:X7)=0,-999,SUM(W7:X7)) -> -999 | AV7: =IF(Y7="",-999,Y7) -> -999 | AW7: =IF(Z7="",-999,Z7) -> 23.251036 | AX7: =IF(AA7="",-999,AA7) -> -999 | AY7: =IF(AB7="",-999,AB7) -> -999 | AZ7: =IF(AC7="",-999,AC7) -> -999 | BA7: =IF(AD7="",-999,AD7) -> -999 | BB7: =IF(SUM(AE7:AF7)=0,-999,SUM(AE7:AF7)) -> -999 | BC7: =IF(AG7="",-999,AG7) -> -999 | BD7: =IF(AH7="",-999,AH7) -> -999 | BE7: =IF(AI7="",-999,AI7) -> -999 | BF7: =IF(AJ7="",-999,AJ7) -> -999 | BG7: =IF(AK7="",-999,AK7) -> -999 | BH7: =IF(AL7="",-999,AL7) -> -999 | BI7: =IF(SUM(AM7:AN7)=0,-999,SUM(AM7:AN7)) -> 67.178577 | BJ7: =IF(AO7="",-999,AO7) -> 99.280885 | BK7: =IF(AP7="",-999,AP7) -> -999 | BL7: =IF(AQ7="",-999,AQ7) -> -999 | BM7: =IF(AR7="",-999,AR7) -> -999 | BN7: =IF(AS7="",-999,AS7) -> -999 | BO7: =IF(AT7="",-999,AT7) -> -999 | BP7: =IF('Auswertung 2-Schicht'!O$4="",-999,MIN(1000*SQRT((A7+1)^2+AVERAGE(T0_Korrektur!D$1,T0_Korrektur!F$1,T0_Korrektur!H$1)^2)/'Auswertung 2-Schicht'!$O$4,'Auswertung 2-Schicht'!$O$8+1000*SQRT((A7+1)^2+AVERAGE(T0_Korrektur!D$1,T0_Korrektur!F$1,T0_Korrektur!H$1)^2)/'Auswertung 2-Schicht'!$O$7)) -> 16.536338 | BQ7: =IF('Auswertung 3-Schicht'!N$4="",-999,IF('Auswertung 3-Schicht'!N$8="",MIN(1000*SQRT((A7+1)^2+AVERAGE(T0_Korrektur!D$1,T0_Korrektur!F$1,T0_Korrektur!H$1)^2)/'Auswertung 3-Schicht'!N$4,'Auswertung 3-Schicht'!N$6+1000*SQRT((A7+1)^2+AVERAGE(T0_Korrektur!D$1,T0_Korrektur!F$1,T0_Korrektur!H$1)^2)/'Auswertung 3-Schicht'!N$5),MIN(1000*SQRT((A7+1)^2+AVERAGE(T0_Korrektur!D$1,T0_Korrektur!F$1,T0_Korrektur!H$1)^2)/'Auswertung 3-Schicht'!N$4,'Auswertung 3-Schicht'!N$6+1000*SQRT((A7+1)^2+AVERAGE(T0_Korrektur!D$1,T0_Korrektur!F$1,T0_Korrektur!H$1)^2)/'Auswertung 3-Schicht'!N$5,'Auswertung 3-Schicht'!N$9+1000*SQRT((A7+1)^2+AVERAGE(T0_Korrektur!D$1,T0_Korrektur!F$1,T0_Korrektur!H$1)^2)/'Auswertung 3-Schicht'!N$8))) -> 16.177397 | BR7: =ABS(T0_Korrektur!C6) -> 88.76628 | BS7: =ABS(T0_Korrektur!E6) -> 187.50683 | BT7: =ABS(T0_Korrektur!I6) -> 999 | BU7: =ABS(T0_Korrektur!M6) -> 999 | BV7: =IF(T0_Korrektur!H6="","",T0_Korrektur!H6-Hilfsdaten!BP7) -> 7.0883621 | BW7: =IF(T0_Korrektur!D30="","",T0_Korrektur!D30-Hilfsdaten!BP7) -> 1.1420621 | BX7: =IF(T0_Korrektur!D23="","",T0_Korrektur!D23-Hilfsdaten!BP7) -> 0.77666209 | BY7: =IF(T0_Korrektur!F53="","",T0_Korrektur!F53-Hilfsdaten!BP7) | BZ7: =IF(T0_Korrektur!H6="","",T0_Korrektur!H6-Hilfsdaten!BQ7) -> 7.4473033 | CA7: =IF(T0_Korrektur!D30="","",T0_Korrektur!D30-Hilfsdaten!BQ7) -> 1.5010033 | CB7: =IF(T0_Korrektur!D23="","",T0_Korrektur!D23-Hilfsdaten!BQ7) -> 1.1356033 | CC7: =IF(T0_Korrektur!F53="","",T0_Korrektur!F53-Hilfsdaten!BQ7)
A8: ='Picks importieren'!B8 -> 10 | B8: =IF(AND($A8>='Auswertung 2-Schicht'!C$3,$A8<='Auswertung 2-Schicht'!C$4),Berechnung!C7,"") | C8: =IF(AND($A8>='Auswertung 2-Schicht'!D$3,$A8<='Auswertung 2-Schicht'!D$4),Berechnung!D7,"") | D8: =IF(AND($A8>='Auswertung 2-Schicht'!E$3,$A8<='Auswertung 2-Schicht'!E$4),Berechnung!G7,"") | E8: =IF(AND($A8>='Auswertung 2-Schicht'!F$3,$A8<='Auswertung 2-Schicht'!F$4),Berechnung!F7,"") -> 28.579508 | F8: =IF(AND($A8>='Auswertung 2-Schicht'!H$3,$A8<='Auswertung 2-Schicht'!H$4),IF('Auswertung 2-Schicht'!$H$8=1,Berechnung!I7,IF('Auswertung 2-Schicht'!$H$8=2,Berechnung!N7,Berechnung!S7)),"") -> 24.613827 | G8: =IF(AND($A8>='Auswertung 2-Schicht'!H$3,$A8<='Auswertung 2-Schicht'!H$4),IF('Auswertung 2-Schicht'!$H$8=1,Berechnung!J7,IF('Auswertung 2-Schicht'!$H$8=2,Berechnung!O7,Berechnung!T7)),"") -> 25.83816 | H8: =IF(AND($A8>='Auswertung 2-Schicht'!I$3,$A8<='Auswertung 2-Schicht'!I$4),Berechnung!K7,"") | I8: =IF(AND($A8>='Auswertung 2-Schicht'!J$3,$A8<='Auswertung 2-Schicht'!J$4),Berechnung!L7,"") | J8: =IF(AND($A8>='Auswertung 2-Schicht'!K$3,$A8<='Auswertung 2-Schicht'!K$4),Berechnung!P7,"") | K8: =IF(AND($A8>='Auswertung 2-Schicht'!L$3,$A8<='Auswertung 2-Schicht'!L$4),Berechnung!Q7,"") | L8: =IF('Auswertung 2-Schicht'!$H$8=1,Berechnung!I7,IF('Auswertung 2-Schicht'!$H$8=2,Berechnung!N7,Berechnung!S7)) -> 24.613827 | M8: =IF('Auswertung 2-Schicht'!$H$8=1,Berechnung!J7,IF('Auswertung 2-Schicht'!$H$8=2,Berechnung!O7,Berechnung!T7)) -> 25.83816 | N8: =IF(SUM(B8:C8)=0,-999,SUM(B8:C8)) -> -999 | O8: =IF(D8="",-999,D8) -> -999 | P8: =IF(E8="",-999,E8) -> 28.579508 | Q8: =IF(F8="",-999,F8) -> 24.613827 | R8: =IF(G8="",-999,G8) -> 25.83816 | S8: =IF(H8="",-999,H8) -> -999 | T8: =IF(I8="",-999,I8) -> -999 | U8: =IF(J8="",-999,J8) -> -999 | V8: =IF(K8="",-999,K8) -> -999 | W8: =IF(AND($A8>='Auswertung 3-Schicht'!D$3,$A8<='Auswertung 3-Schicht'!D$4),Berechnung!C7,"") | X8: =IF(AND($A8>='Auswertung 3-Schicht'!E$3,$A8<='Auswertung 3-Schicht'!E$4),Berechnung!D7,"") | Y8: =IF(AND($A8>='Auswertung 3-Schicht'!F$3,$A8<='Auswertung 3-Schicht'!F$4),Berechnung!E7,"") | Z8: =IF(AND($A8>='Auswertung 3-Schicht'!G$3,$A8<='Auswertung 3-Schicht'!G$4),Berechnung!F7,"") -> 28.579508 | AA8: =IF(AND($A8>='Auswertung 3-Schicht'!H$3,$A8<='Auswertung 3-Schicht'!H$4),Berechnung!K7,"") | AB8: =IF(AND($A8>='Auswertung 3-Schicht'!I$3,$A8<='Auswertung 3-Schicht'!I$4),Berechnung!L7,"") | AC8: =IF(AND($A8>='Auswertung 3-Schicht'!J$3,$A8<='Auswertung 3-Schicht'!J$4),Berechnung!P7,"") | AD8: =IF(AND($A8>='Auswertung 3-Schicht'!K$3,$A8<='Auswertung 3-Schicht'!K$4),Berechnung!Q7,"") | AE8: =IF(AND($A8>='Auswertung 3-Schicht'!D$6,$A8<='Auswertung 3-Schicht'!D$7),Berechnung!C7,"") -> 66.360411 | AF8: =IF(AND($A8>='Auswertung 3-Schicht'!E$6,$A8<='Auswertung 3-Schicht'!E$7),Berechnung!D7,"") | AG8: =IF(AND($A8>='Auswertung 3-Schicht'!F$6,$A8<='Auswertung 3-Schicht'!F$7),Berechnung!E7,"") | AH8: =IF(AND($A8>='Auswertung 3-Schicht'!G$6,$A8<='Auswertung 3-Schicht'!G$7),Berechnung!F7,"") -> 28.579508 | AI8: =IF(AND($A8>='Auswertung 3-Schicht'!H$6,$A8<='Auswertung 3-Schicht'!H$7),Berechnung!K7,"") | AJ8: =IF(AND($A8>='Auswertung 3-Schicht'!I$6,$A8<='Auswertung 3-Schicht'!I$7),Berechnung!L7,"") | AK8: =IF(AND($A8>='Auswertung 3-Schicht'!J$6,$A8<='Auswertung 3-Schicht'!J$7),Berechnung!P7,"") | AL8: =IF(AND($A8>='Auswertung 3-Schicht'!K$6,$A8<='Auswertung 3-Schicht'!K$7),Berechnung!Q7,"") | AM8: =IF(AND($A8>='Auswertung 3-Schicht'!D$10,$A8<='Auswertung 3-Schicht'!D$11),Berechnung!C7,"") -> 66.360411 | AN8: =IF(AND($A8>='Auswertung 3-Schicht'!E$10,$A8<='Auswertung 3-Schicht'!E$11),Berechnung!D7,"") | AO8: =IF(AND($A8>='Auswertung 3-Schicht'!F$10,$A8<='Auswertung 3-Schicht'!F$11),Berechnung!E7,"") -> 98.463218 | AP8: =IF(AND($A8>='Auswertung 3-Schicht'!G$10,$A8<='Auswertung 3-Schicht'!G$11),Berechnung!F7,"") | AQ8: =IF(AND($A8>='Auswertung 3-Schicht'!H$10,$A8<='Auswertung 3-Schicht'!H$11),Berechnung!K7,"") | AR8: =IF(AND($A8>='Auswertung 3-Schicht'!I$10,$A8<='Auswertung 3-Schicht'!I$11),Berechnung!L7,"") | AS8: =IF(AND($A8>='Auswertung 3-Schicht'!J$10,$A8<='Auswertung 3-Schicht'!J$11),Berechnung!P7,"") | AT8: =IF(AND($A8>='Auswertung 3-Schicht'!K$10,$A8<='Auswertung 3-Schicht'!K$11),Berechnung!Q7,"") | AU8: =IF(SUM(W8:X8)=0,-999,SUM(W8:X8)) -> -999 | AV8: =IF(Y8="",-999,Y8) -> -999 | AW8: =IF(Z8="",-999,Z8) -> 28.579508 | AX8: =IF(AA8="",-999,AA8) -> -999 | AY8: =IF(AB8="",-999,AB8) -> -999 | AZ8: =IF(AC8="",-999,AC8) -> -999 | BA8: =IF(AD8="",-999,AD8) -> -999 | BB8: =IF(SUM(AE8:AF8)=0,-999,SUM(AE8:AF8)) -> 66.360411 | BC8: =IF(AG8="",-999,AG8) -> -999 | BD8: =IF(AH8="",-999,AH8) -> 28.579508 | BE8: =IF(AI8="",-999,AI8) -> -999 | BF8: =IF(AJ8="",-999,AJ8) -> -999 | BG8: =IF(AK8="",-999,AK8) -> -999 | BH8: =IF(AL8="",-999,AL8) -> -999 | BI8: =IF(SUM(AM8:AN8)=0,-999,SUM(AM8:AN8)) -> 66.360411 | BJ8: =IF(AO8="",-999,AO8) -> 98.463218 | BK8: =IF(AP8="",-999,AP8) -> -999 | BL8: =IF(AQ8="",-999,AQ8) -> -999 | BM8: =IF(AR8="",-999,AR8) -> -999 | BN8: =IF(AS8="",-999,AS8) -> -999 | BO8: =IF(AT8="",-999,AT8) -> -999 | BP8: =IF('Auswertung 2-Schicht'!O$4="",-999,MIN(1000*SQRT((A8+1)^2+AVERAGE(T0_Korrektur!D$1,T0_Korrektur!F$1,T0_Korrektur!H$1)^2)/'Auswertung 2-Schicht'!$O$4,'Auswertung 2-Schicht'!$O$8+1000*SQRT((A8+1)^2+AVERAGE(T0_Korrektur!D$1,T0_Korrektur!F$1,T0_Korrektur!H$1)^2)/'Auswertung 2-Schicht'!$O$7)) -> 21.233514 | BQ8: =IF('Auswertung 3-Schicht'!N$4="",-999,IF('Auswertung 3-Schicht'!N$8="",MIN(1000*SQRT((A8+1)^2+AVERAGE(T0_Korrektur!D$1,T0_Korrektur!F$1,T0_Korrektur!H$1)^2)/'Auswertung 3-Schicht'!N$4,'Auswertung 3-Schicht'!N$6+1000*SQRT((A8+1)^2+AVERAGE(T0_Korrektur!D$1,T0_Korrektur!F$1,T0_Korrektur!H$1)^2)/'Auswertung 3-Schicht'!N$5),MIN(1000*SQRT((A8+1)^2+AVERAGE(T0_Korrektur!D$1,T0_Korrektur!F$1,T0_Korrektur!H$1)^2)/'Auswertung 3-Schicht'!N$4,'Auswertung 3-Schicht'!N$6+1000*SQRT((A8+1)^2+AVERAGE(T0_Korrektur!D$1,T0_Korrektur!F$1,T0_Korrektur!H$1)^2)/'Auswertung 3-Schicht'!N$5,'Auswertung 3-Schicht'!N$9+1000*SQRT((A8+1)^2+AVERAGE(T0_Korrektur!D$1,T0_Korrektur!F$1,T0_Korrektur!H$1)^2)/'Auswertung 3-Schicht'!N$8))) -> 20.772615 | BR8: =ABS(T0_Korrektur!C7) -> 86.266752 | BS8: =ABS(T0_Korrektur!E7) -> 185.00692 | BT8: =ABS(T0_Korrektur!I7) -> 999 | BU8: =ABS(T0_Korrektur!M7) -> 999 | BV8: =IF(T0_Korrektur!H7="","",T0_Korrektur!H7-Hilfsdaten!BP8) -> 7.6407862 | BW8: =IF(T0_Korrektur!D31="","",T0_Korrektur!D31-Hilfsdaten!BP8) -> 0.98548617 | BX8: =IF(T0_Korrektur!D22="","",T0_Korrektur!D22-Hilfsdaten!BP8) -> 1.1382862 | BY8: =IF(T0_Korrektur!F52="","",T0_Korrektur!F52-Hilfsdaten!BP8) | BZ8: =IF(T0_Korrektur!H7="","",T0_Korrektur!H7-Hilfsdaten!BQ8) -> 8.1016853 | CA8: =IF(T0_Korrektur!D31="","",T0_Korrektur!D31-Hilfsdaten!BQ8) -> 1.4463853 | CB8: =IF(T0_Korrektur!D22="","",T0_Korrektur!D22-Hilfsdaten!BQ8) -> 1.5991853 | CC8: =IF(T0_Korrektur!F52="","",T0_Korrektur!F52-Hilfsdaten!BQ8)
A9: ='Picks importieren'!B9 -> 15 | B9: =IF(AND($A9>='Auswertung 2-Schicht'!C$3,$A9<='Auswertung 2-Schicht'!C$4),Berechnung!C8,"") | C9: =IF(AND($A9>='Auswertung 2-Schicht'!D$3,$A9<='Auswertung 2-Schicht'!D$4),Berechnung!D8,"") | D9: =IF(AND($A9>='Auswertung 2-Schicht'!E$3,$A9<='Auswertung 2-Schicht'!E$4),Berechnung!G8,"") | E9: =IF(AND($A9>='Auswertung 2-Schicht'!F$3,$A9<='Auswertung 2-Schicht'!F$4),Berechnung!F8,"") | F9: =IF(AND($A9>='Auswertung 2-Schicht'!H$3,$A9<='Auswertung 2-Schicht'!H$4),IF('Auswertung 2-Schicht'!$H$8=1,Berechnung!I8,IF('Auswertung 2-Schicht'!$H$8=2,Berechnung!N8,Berechnung!S8)),"") -> 30.009273 | G9: =IF(AND($A9>='Auswertung 2-Schicht'!H$3,$A9<='Auswertung 2-Schicht'!H$4),IF('Auswertung 2-Schicht'!$H$8=1,Berechnung!J8,IF('Auswertung 2-Schicht'!$H$8=2,Berechnung!O8,Berechnung!T8)),"") -> 28.371304 | H9: =IF(AND($A9>='Auswertung 2-Schicht'!I$3,$A9<='Auswertung 2-Schicht'!I$4),Berechnung!K8,"") | I9: =IF(AND($A9>='Auswertung 2-Schicht'!J$3,$A9<='Auswertung 2-Schicht'!J$4),Berechnung!L8,"") | J9: =IF(AND($A9>='Auswertung 2-Schicht'!K$3,$A9<='Auswertung 2-Schicht'!K$4),Berechnung!P8,"") | K9: =IF(AND($A9>='Auswertung 2-Schicht'!L$3,$A9<='Auswertung 2-Schicht'!L$4),Berechnung!Q8,"") | L9: =IF('Auswertung 2-Schicht'!$H$8=1,Berechnung!I8,IF('Auswertung 2-Schicht'!$H$8=2,Berechnung!N8,Berechnung!S8)) -> 30.009273 | M9: =IF('Auswertung 2-Schicht'!$H$8=1,Berechnung!J8,IF('Auswertung 2-Schicht'!$H$8=2,Berechnung!O8,Berechnung!T8)) -> 28.371304 | N9: =IF(SUM(B9:C9)=0,-999,SUM(B9:C9)) -> -999 | O9: =IF(D9="",-999,D9) -> -999 | P9: =IF(E9="",-999,E9) -> -999 | Q9: =IF(F9="",-999,F9) -> 30.009273 | R9: =IF(G9="",-999,G9) -> 28.371304 | S9: =IF(H9="",-999,H9) -> -999 | T9: =IF(I9="",-999,I9) -> -999 | U9: =IF(J9="",-999,J9) -> -999 | V9: =IF(K9="",-999,K9) -> -999 | W9: =IF(AND($A9>='Auswertung 3-Schicht'!D$3,$A9<='Auswertung 3-Schicht'!D$4),Berechnung!C8,"") | X9: =IF(AND($A9>='Auswertung 3-Schicht'!E$3,$A9<='Auswertung 3-Schicht'!E$4),Berechnung!D8,"") | Y9: =IF(AND($A9>='Auswertung 3-Schicht'!F$3,$A9<='Auswertung 3-Schicht'!F$4),Berechnung!E8,"") | Z9: =IF(AND($A9>='Auswertung 3-Schicht'!G$3,$A9<='Auswertung 3-Schicht'!G$4),Berechnung!F8,"") | AA9: =IF(AND($A9>='Auswertung 3-Schicht'!H$3,$A9<='Auswertung 3-Schicht'!H$4),Berechnung!K8,"") | AB9: =IF(AND($A9>='Auswertung 3-Schicht'!I$3,$A9<='Auswertung 3-Schicht'!I$4),Berechnung!L8,"") | AC9: =IF(AND($A9>='Auswertung 3-Schicht'!J$3,$A9<='Auswertung 3-Schicht'!J$4),Berechnung!P8,"") | AD9: =IF(AND($A9>='Auswertung 3-Schicht'!K$3,$A9<='Auswertung 3-Schicht'!K$4),Berechnung!Q8,"") | AE9: =IF(AND($A9>='Auswertung 3-Schicht'!D$6,$A9<='Auswertung 3-Schicht'!D$7),Berechnung!C8,"") -> 63.701858 | AF9: =IF(AND($A9>='Auswertung 3-Schicht'!E$6,$A9<='Auswertung 3-Schicht'!E$7),Berechnung!D8,"") | AG9: =IF(AND($A9>='Auswertung 3-Schicht'!F$6,$A9<='Auswertung 3-Schicht'!F$7),Berechnung!E8,"") | AH9: =IF(AND($A9>='Auswertung 3-Schicht'!G$6,$A9<='Auswertung 3-Schicht'!G$7),Berechnung!F8,"") -> 32.543803 | AI9: =IF(AND($A9>='Auswertung 3-Schicht'!H$6,$A9<='Auswertung 3-Schicht'!H$7),Berechnung!K8,"") | AJ9: =IF(AND($A9>='Auswertung 3-Schicht'!I$6,$A9<='Auswertung 3-Schicht'!I$7),Berechnung!L8,"") | AK9: =IF(AND($A9>='Auswertung 3-Schicht'!J$6,$A9<='Auswertung 3-Schicht'!J$7),Berechnung!P8,"") | AL9: =IF(AND($A9>='Auswertung 3-Schicht'!K$6,$A9<='Auswertung 3-Schicht'!K$7),Berechnung!Q8,"") | AM9: =IF(AND($A9>='Auswertung 3-Schicht'!D$10,$A9<='Auswertung 3-Schicht'!D$11),Berechnung!C8,"") | AN9: =IF(AND($A9>='Auswertung 3-Schicht'!E$10,$A9<='Auswertung 3-Schicht'!E$11),Berechnung!D8,"") | AO9: =IF(AND($A9>='Auswertung 3-Schicht'!F$10,$A9<='Auswertung 3-Schicht'!F$11),Berechnung!E8,"") -> 97.032067 | AP9: =IF(AND($A9>='Auswertung 3-Schicht'!G$10,$A9<='Auswertung 3-Schicht'!G$11),Berechnung!F8,"") | AQ9: =IF(AND($A9>='Auswertung 3-Schicht'!H$10,$A9<='Auswertung 3-Schicht'!H$11),Berechnung!K8,"") | AR9: =IF(AND($A9>='Auswertung 3-Schicht'!I$10,$A9<='Auswertung 3-Schicht'!I$11),Berechnung!L8,"") | AS9: =IF(AND($A9>='Auswertung 3-Schicht'!J$10,$A9<='Auswertung 3-Schicht'!J$11),Berechnung!P8,"") | AT9: =IF(AND($A9>='Auswertung 3-Schicht'!K$10,$A9<='Auswertung 3-Schicht'!K$11),Berechnung!Q8,"") | AU9: =IF(SUM(W9:X9)=0,-999,SUM(W9:X9)) -> -999 | AV9: =IF(Y9="",-999,Y9) -> -999 | AW9: =IF(Z9="",-999,Z9) -> -999 | AX9: =IF(AA9="",-999,AA9) -> -999 | AY9: =IF(AB9="",-999,AB9) -> -999 | AZ9: =IF(AC9="",-999,AC9) -> -999 | BA9: =IF(AD9="",-999,AD9) -> -999 | BB9: =IF(SUM(AE9:AF9)=0,-999,SUM(AE9:AF9)) -> 63.701858 | BC9: =IF(AG9="",-999,AG9) -> -999 | BD9: =IF(AH9="",-999,AH9) -> 32.543803 | BE9: =IF(AI9="",-999,AI9) -> -999 | BF9: =IF(AJ9="",-999,AJ9) -> -999 | BG9: =IF(AK9="",-999,AK9) -> -999 | BH9: =IF(AL9="",-999,AL9) -> -999 | BI9: =IF(SUM(AM9:AN9)=0,-999,SUM(AM9:AN9)) -> -999 | BJ9: =IF(AO9="",-999,AO9) -> 97.032067 | BK9: =IF(AP9="",-999,AP9) -> -999 | BL9: =IF(AQ9="",-999,AQ9) -> -999 | BM9: =IF(AR9="",-999,AR9) -> -999 | BN9: =IF(AS9="",-999,AS9) -> -999 | BO9: =IF(AT9="",-999,AT9) -> -999 | BP9: =IF('Auswertung 2-Schicht'!O$4="",-999,MIN(1000*SQRT((A9+1)^2+AVERAGE(T0_Korrektur!D$1,T0_Korrektur!F$1,T0_Korrektur!H$1)^2)/'Auswertung 2-Schicht'!$O$4,'Auswertung 2-Schicht'!$O$8+1000*SQRT((A9+1)^2+AVERAGE(T0_Korrektur!D$1,T0_Korrektur!F$1,T0_Korrektur!H$1)^2)/'Auswertung 2-Schicht'!$O$7)) -> 30.694558 | BQ9: =IF('Auswertung 3-Schicht'!N$4="",-999,IF('Auswertung 3-Schicht'!N$8="",MIN(1000*SQRT((A9+1)^2+AVERAGE(T0_Korrektur!D$1,T0_Korrektur!F$1,T0_Korrektur!H$1)^2)/'Auswertung 3-Schicht'!N$4,'Auswertung 3-Schicht'!N$6+1000*SQRT((A9+1)^2+AVERAGE(T0_Korrektur!D$1,T0_Korrektur!F$1,T0_Korrektur!H$1)^2)/'Auswertung 3-Schicht'!N$5),MIN(1000*SQRT((A9+1)^2+AVERAGE(T0_Korrektur!D$1,T0_Korrektur!F$1,T0_Korrektur!H$1)^2)/'Auswertung 3-Schicht'!N$4,'Auswertung 3-Schicht'!N$6+1000*SQRT((A9+1)^2+AVERAGE(T0_Korrektur!D$1,T0_Korrektur!F$1,T0_Korrektur!H$1)^2)/'Auswertung 3-Schicht'!N$5,'Auswertung 3-Schicht'!N$9+1000*SQRT((A9+1)^2+AVERAGE(T0_Korrektur!D$1,T0_Korrektur!F$1,T0_Korrektur!H$1)^2)/'Auswertung 3-Schicht'!N$8))) -> 30.028295 | BR9: =ABS(T0_Korrektur!C8) -> 81.267783 | BS9: =ABS(T0_Korrektur!E8) -> 180.00711 | BT9: =ABS(T0_Korrektur!I8) -> 999 | BU9: =ABS(T0_Korrektur!M8) -> 999 | BV9: =IF(T0_Korrektur!H8="","",T0_Korrektur!H8-Hilfsdaten!BP9) -> 2.0209422 | BW9: =IF(T0_Korrektur!D32="","",T0_Korrektur!D32-Hilfsdaten!BP9) -> -0.91205776 | BX9: =IF(T0_Korrektur!D21="","",T0_Korrektur!D21-Hilfsdaten!BP9) -> -1.9341578 | BY9: =IF(T0_Korrektur!F51="","",T0_Korrektur!F51-Hilfsdaten!BP9) | BZ9: =IF(T0_Korrektur!H8="","",T0_Korrektur!H8-Hilfsdaten!BQ9) -> 2.6872047 | CA9: =IF(T0_Korrektur!D32="","",T0_Korrektur!D32-Hilfsdaten!BQ9) -> -0.24579528 | CB9: =IF(T0_Korrektur!D21="","",T0_Korrektur!D21-Hilfsdaten!BQ9) -> -1.2678953 | CC9: =IF(T0_Korrektur!F51="","",T0_Korrektur!F51-Hilfsdaten!BQ9)
A10: ='Picks importieren'!B10 -> 20 | B10: =IF(AND($A10>='Auswertung 2-Schicht'!C$3,$A10<='Auswertung 2-Schicht'!C$4),Berechnung!C9,"") | C10: =IF(AND($A10>='Auswertung 2-Schicht'!D$3,$A10<='Auswertung 2-Schicht'!D$4),Berechnung!D9,"") | D10: =IF(AND($A10>='Auswertung 2-Schicht'!E$3,$A10<='Auswertung 2-Schicht'!E$4),Berechnung!G9,"") | E10: =IF(AND($A10>='Auswertung 2-Schicht'!F$3,$A10<='Auswertung 2-Schicht'!F$4),Berechnung!F9,"") | F10: =IF(AND($A10>='Auswertung 2-Schicht'!H$3,$A10<='Auswertung 2-Schicht'!H$4),IF('Auswertung 2-Schicht'!$H$8=1,Berechnung!I9,IF('Auswertung 2-Schicht'!$H$8=2,Berechnung!N9,Berechnung!S9)),"") -> 34.570956 | G10: =IF(AND($A10>='Auswertung 2-Schicht'!H$3,$A10<='Auswertung 2-Schicht'!H$4),IF('Auswertung 2-Schicht'!$H$8=1,Berechnung!J9,IF('Auswertung 2-Schicht'!$H$8=2,Berechnung!O9,Berechnung!T9)),"") -> 30.070862 | H10: =IF(AND($A10>='Auswertung 2-Schicht'!I$3,$A10<='Auswertung 2-Schicht'!I$4),Berechnung!K9,"") | I10: =IF(AND($A10>='Auswertung 2-Schicht'!J$3,$A10<='Auswertung 2-Schicht'!J$4),Berechnung!L9,"") | J10: =IF(AND($A10>='Auswertung 2-Schicht'!K$3,$A10<='Auswertung 2-Schicht'!K$4),Berechnung!P9,"") | K10: =IF(AND($A10>='Auswertung 2-Schicht'!L$3,$A10<='Auswertung 2-Schicht'!L$4),Berechnung!Q9,"") | L10: =IF('Auswertung 2-Schicht'!$H$8=1,Berechnung!I9,IF('Auswertung 2-Schicht'!$H$8=2,Berechnung!N9,Berechnung!S9)) -> 34.570956 | M10: =IF('Auswertung 2-Schicht'!$H$8=1,Berechnung!J9,IF('Auswertung 2-Schicht'!$H$8=2,Berechnung!O9,Berechnung!T9)) -> 30.070862 | N10: =IF(SUM(B10:C10)=0,-999,SUM(B10:C10)) -> -999 | O10: =IF(D10="",-999,D10) -> -999 | P10: =IF(E10="",-999,E10) -> -999 | Q10: =IF(F10="",-999,F10) -> 34.570956 | R10: =IF(G10="",-999,G10) -> 30.070862 | S10: =IF(H10="",-999,H10) -> -999 | T10: =IF(I10="",-999,I10) -> -999 | U10: =IF(J10="",-999,J10) -> -999 | V10: =IF(K10="",-999,K10) -> -999 | W10: =IF(AND($A10>='Auswertung 3-Schicht'!D$3,$A10<='Auswertung 3-Schicht'!D$4),Berechnung!C9,"") | X10: =IF(AND($A10>='Auswertung 3-Schicht'!E$3,$A10<='Auswertung 3-Schicht'!E$4),Berechnung!D9,"") | Y10: =IF(AND($A10>='Auswertung 3-Schicht'!F$3,$A10<='Auswertung 3-Schicht'!F$4),Berechnung!E9,"") | Z10: =IF(AND($A10>='Auswertung 3-Schicht'!G$3,$A10<='Auswertung 3-Schicht'!G$4),Berechnung!F9,"") | AA10: =IF(AND($A10>='Auswertung 3-Schicht'!H$3,$A10<='Auswertung 3-Schicht'!H$4),Berechnung!K9,"") | AB10: =IF(AND($A10>='Auswertung 3-Schicht'!I$3,$A10<='Auswertung 3-Schicht'!I$4),Berechnung!L9,"") | AC10: =IF(AND($A10>='Auswertung 3-Schicht'!J$3,$A10<='Auswertung 3-Schicht'!J$4),Berechnung!P9,"") | AD10: =IF(AND($A10>='Auswertung 3-Schicht'!K$3,$A10<='Auswertung 3-Schicht'!K$4),Berechnung!Q9,"") | AE10: =IF(AND($A10>='Auswertung 3-Schicht'!D$6,$A10<='Auswertung 3-Schicht'!D$7),Berechnung!C9,"") -> 61.860727 | AF10: =IF(AND($A10>='Auswertung 3-Schicht'!E$6,$A10<='Auswertung 3-Schicht'!E$7),Berechnung!D9,"") | AG10: =IF(AND($A10>='Auswertung 3-Schicht'!F$6,$A10<='Auswertung 3-Schicht'!F$7),Berechnung!E9,"") | AH10: =IF(AND($A10>='Auswertung 3-Schicht'!G$6,$A10<='Auswertung 3-Schicht'!G$7),Berechnung!F9,"") -> 35.674424 | AI10: =IF(AND($A10>='Auswertung 3-Schicht'!H$6,$A10<='Auswertung 3-Schicht'!H$7),Berechnung!K9,"") | AJ10: =IF(AND($A10>='Auswertung 3-Schicht'!I$6,$A10<='Auswertung 3-Schicht'!I$7),Berechnung!L9,"") | AK10: =IF(AND($A10>='Auswertung 3-Schicht'!J$6,$A10<='Auswertung 3-Schicht'!J$7),Berechnung!P9,"") | AL10: =IF(AND($A10>='Auswertung 3-Schicht'!K$6,$A10<='Auswertung 3-Schicht'!K$7),Berechnung!Q9,"") | AM10: =IF(AND($A10>='Auswertung 3-Schicht'!D$10,$A10<='Auswertung 3-Schicht'!D$11),Berechnung!C9,"") | AN10: =IF(AND($A10>='Auswertung 3-Schicht'!E$10,$A10<='Auswertung 3-Schicht'!E$11),Berechnung!D9,"") | AO10: =IF(AND($A10>='Auswertung 3-Schicht'!F$10,$A10<='Auswertung 3-Schicht'!F$11),Berechnung!E9,"") -> 95.601004 | AP10: =IF(AND($A10>='Auswertung 3-Schicht'!G$10,$A10<='Auswertung 3-Schicht'!G$11),Berechnung!F9,"") | AQ10: =IF(AND($A10>='Auswertung 3-Schicht'!H$10,$A10<='Auswertung 3-Schicht'!H$11),Berechnung!K9,"") | AR10: =IF(AND($A10>='Auswertung 3-Schicht'!I$10,$A10<='Auswertung 3-Schicht'!I$11),Berechnung!L9,"") | AS10: =IF(AND($A10>='Auswertung 3-Schicht'!J$10,$A10<='Auswertung 3-Schicht'!J$11),Berechnung!P9,"") | AT10: =IF(AND($A10>='Auswertung 3-Schicht'!K$10,$A10<='Auswertung 3-Schicht'!K$11),Berechnung!Q9,"") | AU10: =IF(SUM(W10:X10)=0,-999,SUM(W10:X10)) -> -999 | AV10: =IF(Y10="",-999,Y10) -> -999 | AW10: =IF(Z10="",-999,Z10) -> -999 | AX10: =IF(AA10="",-999,AA10) -> -999 | AY10: =IF(AB10="",-999,AB10) -> -999 | AZ10: =IF(AC10="",-999,AC10) -> -999 | BA10: =IF(AD10="",-999,AD10) -> -999 | BB10: =IF(SUM(AE10:AF10)=0,-999,SUM(AE10:AF10)) -> 61.860727 | BC10: =IF(AG10="",-999,AG10) -> -999 | BD10: =IF(AH10="",-999,AH10) -> 35.674424 | BE10: =IF(AI10="",-999,AI10) -> -999 | BF10: =IF(AJ10="",-999,AJ10) -> -999 | BG10: =IF(AK10="",-999,AK10) -> -999 | BH10: =IF(AL10="",-999,AL10) -> -999 | BI10: =IF(SUM(AM10:AN10)=0,-999,SUM(AM10:AN10)) -> -999 | BJ10: =IF(AO10="",-999,AO10) -> 95.601004 | BK10: =IF(AP10="",-999,AP10) -> -999 | BL10: =IF(AQ10="",-999,AQ10) -> -999 | BM10: =IF(AR10="",-999,AR10) -> -999 | BN10: =IF(AS10="",-999,AS10) -> -999 | BO10: =IF(AT10="",-999,AT10) -> -999 | BP10: =IF('Auswertung 2-Schicht'!O$4="",-999,MIN(1000*SQRT((A10+1)^2+AVERAGE(T0_Korrektur!D$1,T0_Korrektur!F$1,T0_Korrektur!H$1)^2)/'Auswertung 2-Schicht'!$O$4,'Auswertung 2-Schicht'!$O$8+1000*SQRT((A10+1)^2+AVERAGE(T0_Korrektur!D$1,T0_Korrektur!F$1,T0_Korrektur!H$1)^2)/'Auswertung 2-Schicht'!$O$7)) -> 40.192167 | BQ10: =IF('Auswertung 3-Schicht'!N$4="",-999,IF('Auswertung 3-Schicht'!N$8="",MIN(1000*SQRT((A10+1)^2+AVERAGE(T0_Korrektur!D$1,T0_Korrektur!F$1,T0_Korrektur!H$1)^2)/'Auswertung 3-Schicht'!N$4,'Auswertung 3-Schicht'!N$6+1000*SQRT((A10+1)^2+AVERAGE(T0_Korrektur!D$1,T0_Korrektur!F$1,T0_Korrektur!H$1)^2)/'Auswertung 3-Schicht'!N$5),MIN(1000*SQRT((A10+1)^2+AVERAGE(T0_Korrektur!D$1,T0_Korrektur!F$1,T0_Korrektur!H$1)^2)/'Auswertung 3-Schicht'!N$4,'Auswertung 3-Schicht'!N$6+1000*SQRT((A10+1)^2+AVERAGE(T0_Korrektur!D$1,T0_Korrektur!F$1,T0_Korrektur!H$1)^2)/'Auswertung 3-Schicht'!N$5,'Auswertung 3-Schicht'!N$9+1000*SQRT((A10+1)^2+AVERAGE(T0_Korrektur!D$1,T0_Korrektur!F$1,T0_Korrektur!H$1)^2)/'Auswertung 3-Schicht'!N$8))) -> 32.997659 | BR10: =ABS(T0_Korrektur!C9) -> 76.268948 | BS10: =ABS(T0_Korrektur!E9) -> 175.00731 | BT10: =ABS(T0_Korrektur!I9) -> 999 | BU10: =ABS(T0_Korrektur!M9) -> 999 | BV10: =IF(T0_Korrektur!H9="","",T0_Korrektur!H9-Hilfsdaten!BP10) -> -4.4037671 | BW10: =IF(T0_Korrektur!D33="","",T0_Korrektur!D33-Hilfsdaten!BP10) -> -6.9345671 | BX10: =IF(T0_Korrektur!D20="","",T0_Korrektur!D20-Hilfsdaten!BP10) -> -8.1610671 | BY10: =IF(T0_Korrektur!F50="","",T0_Korrektur!F50-Hilfsdaten!BP10) -> -34.735387 | BZ10: =IF(T0_Korrektur!H9="","",T0_Korrektur!H9-Hilfsdaten!BQ10) -> 2.7907407 | CA10: =IF(T0_Korrektur!D33="","",T0_Korrektur!D33-Hilfsdaten!BQ10) -> 0.25994074 | CB10: =IF(T0_Korrektur!D20="","",T0_Korrektur!D20-Hilfsdaten!BQ10) -> -0.96655926 | CC10: =IF(T0_Korrektur!F50="","",T0_Korrektur!F50-Hilfsdaten!BQ10) -> -27.540879
A11: ='Picks importieren'!B11 -> 25 | B11: =IF(AND($A11>='Auswertung 2-Schicht'!C$3,$A11<='Auswertung 2-Schicht'!C$4),Berechnung!C10,"") | C11: =IF(AND($A11>='Auswertung 2-Schicht'!D$3,$A11<='Auswertung 2-Schicht'!D$4),Berechnung!D10,"") | D11: =IF(AND($A11>='Auswertung 2-Schicht'!E$3,$A11<='Auswertung 2-Schicht'!E$4),Berechnung!G10,"") | E11: =IF(AND($A11>='Auswertung 2-Schicht'!F$3,$A11<='Auswertung 2-Schicht'!F$4),Berechnung!F10,"") | F11: =IF(AND($A11>='Auswertung 2-Schicht'!H$3,$A11<='Auswertung 2-Schicht'!H$4),IF('Auswertung 2-Schicht'!$H$8=1,Berechnung!I10,IF('Auswertung 2-Schicht'!$H$8=2,Berechnung!N10,Berechnung!S10)),"") -> 38.40929 | G11: =IF(AND($A11>='Auswertung 2-Schicht'!H$3,$A11<='Auswertung 2-Schicht'!H$4),IF('Auswertung 2-Schicht'!$H$8=1,Berechnung!J10,IF('Auswertung 2-Schicht'!$H$8=2,Berechnung!O10,Berechnung!T10)),"") -> 31.455827 | H11: =IF(AND($A11>='Auswertung 2-Schicht'!I$3,$A11<='Auswertung 2-Schicht'!I$4),Berechnung!K10,"") | I11: =IF(AND($A11>='Auswertung 2-Schicht'!J$3,$A11<='Auswertung 2-Schicht'!J$4),Berechnung!L10,"") | J11: =IF(AND($A11>='Auswertung 2-Schicht'!K$3,$A11<='Auswertung 2-Schicht'!K$4),Berechnung!P10,"") | K11: =IF(AND($A11>='Auswertung 2-Schicht'!L$3,$A11<='Auswertung 2-Schicht'!L$4),Berechnung!Q10,"") | L11: =IF('Auswertung 2-Schicht'!$H$8=1,Berechnung!I10,IF('Auswertung 2-Schicht'!$H$8=2,Berechnung!N10,Berechnung!S10)) -> 38.40929 | M11: =IF('Auswertung 2-Schicht'!$H$8=1,Berechnung!J10,IF('Auswertung 2-Schicht'!$H$8=2,Berechnung!O10,Berechnung!T10)) -> 31.455827 | N11: =IF(SUM(B11:C11)=0,-999,SUM(B11:C11)) -> -999 | O11: =IF(D11="",-999,D11) -> -999 | P11: =IF(E11="",-999,E11) -> -999 | Q11: =IF(F11="",-999,F11) -> 38.40929 | R11: =IF(G11="",-999,G11) -> 31.455827 | S11: =IF(H11="",-999,H11) -> -999 | T11: =IF(I11="",-999,I11) -> -999 | U11: =IF(J11="",-999,J11) -> -999 | V11: =IF(K11="",-999,K11) -> -999 | W11: =IF(AND($A11>='Auswertung 3-Schicht'!D$3,$A11<='Auswertung 3-Schicht'!D$4),Berechnung!C10,"") | X11: =IF(AND($A11>='Auswertung 3-Schicht'!E$3,$A11<='Auswertung 3-Schicht'!E$4),Berechnung!D10,"") | Y11: =IF(AND($A11>='Auswertung 3-Schicht'!F$3,$A11<='Auswertung 3-Schicht'!F$4),Berechnung!E10,"") | Z11: =IF(AND($A11>='Auswertung 3-Schicht'!G$3,$A11<='Auswertung 3-Schicht'!G$4),Berechnung!F10,"") | AA11: =IF(AND($A11>='Auswertung 3-Schicht'!H$3,$A11<='Auswertung 3-Schicht'!H$4),Berechnung!K10,"") | AB11: =IF(AND($A11>='Auswertung 3-Schicht'!I$3,$A11<='Auswertung 3-Schicht'!I$4),Berechnung!L10,"") | AC11: =IF(AND($A11>='Auswertung 3-Schicht'!J$3,$A11<='Auswertung 3-Schicht'!J$4),Berechnung!P10,"") | AD11: =IF(AND($A11>='Auswertung 3-Schicht'!K$3,$A11<='Auswertung 3-Schicht'!K$4),Berechnung!Q10,"") | AE11: =IF(AND($A11>='Auswertung 3-Schicht'!D$6,$A11<='Auswertung 3-Schicht'!D$7),Berechnung!C10,"") -> 59.814877 | AF11: =IF(AND($A11>='Auswertung 3-Schicht'!E$6,$A11<='Auswertung 3-Schicht'!E$7),Berechnung!D10,"") | AG11: =IF(AND($A11>='Auswertung 3-Schicht'!F$6,$A11<='Auswertung 3-Schicht'!F$7),Berechnung!E10,"") | AH11: =IF(AND($A11>='Auswertung 3-Schicht'!G$6,$A11<='Auswertung 3-Schicht'!G$7),Berechnung!F10,"") -> 38.286073 | AI11: =IF(AND($A11>='Auswertung 3-Schicht'!H$6,$A11<='Auswertung 3-Schicht'!H$7),Berechnung!K10,"") | AJ11: =IF(AND($A11>='Auswertung 3-Schicht'!I$6,$A11<='Auswertung 3-Schicht'!I$7),Berechnung!L10,"") | AK11: =IF(AND($A11>='Auswertung 3-Schicht'!J$6,$A11<='Auswertung 3-Schicht'!J$7),Berechnung!P10,"") | AL11: =IF(AND($A11>='Auswertung 3-Schicht'!K$6,$A11<='Auswertung 3-Schicht'!K$7),Berechnung!Q10,"") | AM11: =IF(AND($A11>='Auswertung 3-Schicht'!D$10,$A11<='Auswertung 3-Schicht'!D$11),Berechnung!C10,"") | AN11: =IF(AND($A11>='Auswertung 3-Schicht'!E$10,$A11<='Auswertung 3-Schicht'!E$11),Berechnung!D10,"") | AO11: =IF(AND($A11>='Auswertung 3-Schicht'!F$10,$A11<='Auswertung 3-Schicht'!F$11),Berechnung!E10,"") -> 94.37432 | AP11: =IF(AND($A11>='Auswertung 3-Schicht'!G$10,$A11<='Auswertung 3-Schicht'!G$11),Berechnung!F10,"") | AQ11: =IF(AND($A11>='Auswertung 3-Schicht'!H$10,$A11<='Auswertung 3-Schicht'!H$11),Berechnung!K10,"") | AR11: =IF(AND($A11>='Auswertung 3-Schicht'!I$10,$A11<='Auswertung 3-Schicht'!I$11),Berechnung!L10,"") | AS11: =IF(AND($A11>='Auswertung 3-Schicht'!J$10,$A11<='Auswertung 3-Schicht'!J$11),Berechnung!P10,"") | AT11: =IF(AND($A11>='Auswertung 3-Schicht'!K$10,$A11<='Auswertung 3-Schicht'!K$11),Berechnung!Q10,"") | AU11: =IF(SUM(W11:X11)=0,-999,SUM(W11:X11)) -> -999 | AV11: =IF(Y11="",-999,Y11) -> -999 | AW11: =IF(Z11="",-999,Z11) -> -999 | AX11: =IF(AA11="",-999,AA11) -> -999 | AY11: =IF(AB11="",-999,AB11) -> -999 | AZ11: =IF(AC11="",-999,AC11) -> -999 | BA11: =IF(AD11="",-999,AD11) -> -999 | BB11: =IF(SUM(AE11:AF11)=0,-999,SUM(AE11:AF11)) -> 59.814877 | BC11: =IF(AG11="",-999,AG11) -> -999 | BD11: =IF(AH11="",-999,AH11) -> 38.286073 | BE11: =IF(AI11="",-999,AI11) -> -999 | BF11: =IF(AJ11="",-999,AJ11) -> -999 | BG11: =IF(AK11="",-999,AK11) -> -999 | BH11: =IF(AL11="",-999,AL11) -> -999 | BI11: =IF(SUM(AM11:AN11)=0,-999,SUM(AM11:AN11)) -> -999 | BJ11: =IF(AO11="",-999,AO11) -> 94.37432 | BK11: =IF(AP11="",-999,AP11) -> -999 | BL11: =IF(AQ11="",-999,AQ11) -> -999 | BM11: =IF(AR11="",-999,AR11) -> -999 | BN11: =IF(AS11="",-999,AS11) -> -999 | BO11: =IF(AT11="",-999,AT11) -> -999 | BP11: =IF('Auswertung 2-Schicht'!O$4="",-999,MIN(1000*SQRT((A11+1)^2+AVERAGE(T0_Korrektur!D$1,T0_Korrektur!F$1,T0_Korrektur!H$1)^2)/'Auswertung 2-Schicht'!$O$4,'Auswertung 2-Schicht'!$O$8+1000*SQRT((A11+1)^2+AVERAGE(T0_Korrektur!D$1,T0_Korrektur!F$1,T0_Korrektur!H$1)^2)/'Auswertung 2-Schicht'!$O$7)) -> 47.292874 | BQ11: =IF('Auswertung 3-Schicht'!N$4="",-999,IF('Auswertung 3-Schicht'!N$8="",MIN(1000*SQRT((A11+1)^2+AVERAGE(T0_Korrektur!D$1,T0_Korrektur!F$1,T0_Korrektur!H$1)^2)/'Auswertung 3-Schicht'!N$4,'Auswertung 3-Schicht'!N$6+1000*SQRT((A11+1)^2+AVERAGE(T0_Korrektur!D$1,T0_Korrektur!F$1,T0_Korrektur!H$1)^2)/'Auswertung 3-Schicht'!N$5),MIN(1000*SQRT((A11+1)^2+AVERAGE(T0_Korrektur!D$1,T0_Korrektur!F$1,T0_Korrektur!H$1)^2)/'Auswertung 3-Schicht'!N$4,'Auswertung 3-Schicht'!N$6+1000*SQRT((A11+1)^2+AVERAGE(T0_Korrektur!D$1,T0_Korrektur!F$1,T0_Korrektur!H$1)^2)/'Auswertung 3-Schicht'!N$5,'Auswertung 3-Schicht'!N$9+1000*SQRT((A11+1)^2+AVERAGE(T0_Korrektur!D$1,T0_Korrektur!F$1,T0_Korrektur!H$1)^2)/'Auswertung 3-Schicht'!N$8))) -> 35.707251 | BR11: =ABS(T0_Korrektur!C10) -> 71.270278 | BS11: =ABS(T0_Korrektur!E10) -> 170.00753 | BT11: =ABS(T0_Korrektur!I10) -> 999 | BU11: =ABS(T0_Korrektur!M10) -> 999 | BV11: =IF(T0_Korrektur!H10="","",T0_Korrektur!H10-Hilfsdaten!BP11) -> -8.9248739 | BW11: =IF(T0_Korrektur!D34="","",T0_Korrektur!D34-Hilfsdaten!BP11) -> -10.840974 | BX11: =IF(T0_Korrektur!D19="","",T0_Korrektur!D19-Hilfsdaten!BP11) -> -12.241074 | BY11: =IF(T0_Korrektur!F49="","",T0_Korrektur!F49-Hilfsdaten!BP11) -> -36.521274 | BZ11: =IF(T0_Korrektur!H10="","",T0_Korrektur!H10-Hilfsdaten!BQ11) -> 2.660749 | CA11: =IF(T0_Korrektur!D34="","",T0_Korrektur!D34-Hilfsdaten!BQ11) -> 0.74464904 | CB11: =IF(T0_Korrektur!D19="","",T0_Korrektur!D19-Hilfsdaten!BQ11) -> -0.65545096 | CC11: =IF(T0_Korrektur!F49="","",T0_Korrektur!F49-Hilfsdaten!BQ11) -> -24.935651
A12: ='Picks importieren'!B12 -> 30 | B12: =IF(AND($A12>='Auswertung 2-Schicht'!C$3,$A12<='Auswertung 2-Schicht'!C$4),Berechnung!C11,"") | C12: =IF(AND($A12>='Auswertung 2-Schicht'!D$3,$A12<='Auswertung 2-Schicht'!D$4),Berechnung!D11,"") | D12: =IF(AND($A12>='Auswertung 2-Schicht'!E$3,$A12<='Auswertung 2-Schicht'!E$4),Berechnung!G11,"") | E12: =IF(AND($A12>='Auswertung 2-Schicht'!F$3,$A12<='Auswertung 2-Schicht'!F$4),Berechnung!F11,"") | F12: =IF(AND($A12>='Auswertung 2-Schicht'!H$3,$A12<='Auswertung 2-Schicht'!H$4),IF('Auswertung 2-Schicht'!$H$8=1,Berechnung!I11,IF('Auswertung 2-Schicht'!$H$8=2,Berechnung!N11,Berechnung!S11)),"") -> 43.066295 | G12: =IF(AND($A12>='Auswertung 2-Schicht'!H$3,$A12<='Auswertung 2-Schicht'!H$4),IF('Auswertung 2-Schicht'!$H$8=1,Berechnung!J11,IF('Auswertung 2-Schicht'!$H$8=2,Berechnung!O11,Berechnung!T11)),"") -> 32.432891 | H12: =IF(AND($A12>='Auswertung 2-Schicht'!I$3,$A12<='Auswertung 2-Schicht'!I$4),Berechnung!K11,"") | I12: =IF(AND($A12>='Auswertung 2-Schicht'!J$3,$A12<='Auswertung 2-Schicht'!J$4),Berechnung!L11,"") | J12: =IF(AND($A12>='Auswertung 2-Schicht'!K$3,$A12<='Auswertung 2-Schicht'!K$4),Berechnung!P11,"") | K12: =IF(AND($A12>='Auswertung 2-Schicht'!L$3,$A12<='Auswertung 2-Schicht'!L$4),Berechnung!Q11,"") | L12: =IF('Auswertung 2-Schicht'!$H$8=1,Berechnung!I11,IF('Auswertung 2-Schicht'!$H$8=2,Berechnung!N11,Berechnung!S11)) -> 43.066295 | M12: =IF('Auswertung 2-Schicht'!$H$8=1,Berechnung!J11,IF('Auswertung 2-Schicht'!$H$8=2,Berechnung!O11,Berechnung!T11)) -> 32.432891 | N12: =IF(SUM(B12:C12)=0,-999,SUM(B12:C12)) -> -999 | O12: =IF(D12="",-999,D12) -> -999 | P12: =IF(E12="",-999,E12) -> -999 | Q12: =IF(F12="",-999,F12) -> 43.066295 | R12: =IF(G12="",-999,G12) -> 32.432891 | S12: =IF(H12="",-999,H12) -> -999 | T12: =IF(I12="",-999,I12) -> -999 | U12: =IF(J12="",-999,J12) -> -999 | V12: =IF(K12="",-999,K12) -> -999 | W12: =IF(AND($A12>='Auswertung 3-Schicht'!D$3,$A12<='Auswertung 3-Schicht'!D$4),Berechnung!C11,"") | X12: =IF(AND($A12>='Auswertung 3-Schicht'!E$3,$A12<='Auswertung 3-Schicht'!E$4),Berechnung!D11,"") | Y12: =IF(AND($A12>='Auswertung 3-Schicht'!F$3,$A12<='Auswertung 3-Schicht'!F$4),Berechnung!E11,"") | Z12: =IF(AND($A12>='Auswertung 3-Schicht'!G$3,$A12<='Auswertung 3-Schicht'!G$4),Berechnung!F11,"") | AA12: =IF(AND($A12>='Auswertung 3-Schicht'!H$3,$A12<='Auswertung 3-Schicht'!H$4),Berechnung!K11,"") | AB12: =IF(AND($A12>='Auswertung 3-Schicht'!I$3,$A12<='Auswertung 3-Schicht'!I$4),Berechnung!L11,"") | AC12: =IF(AND($A12>='Auswertung 3-Schicht'!J$3,$A12<='Auswertung 3-Schicht'!J$4),Berechnung!P11,"") | AD12: =IF(AND($A12>='Auswertung 3-Schicht'!K$3,$A12<='Auswertung 3-Schicht'!K$4),Berechnung!Q11,"") | AE12: =IF(AND($A12>='Auswertung 3-Schicht'!D$6,$A12<='Auswertung 3-Schicht'!D$7),Berechnung!C11,"") -> 57.155686 | AF12: =IF(AND($A12>='Auswertung 3-Schicht'!E$6,$A12<='Auswertung 3-Schicht'!E$7),Berechnung!D11,"") | AG12: =IF(AND($A12>='Auswertung 3-Schicht'!F$6,$A12<='Auswertung 3-Schicht'!F$7),Berechnung!E11,"") | AH12: =IF(AND($A12>='Auswertung 3-Schicht'!G$6,$A12<='Auswertung 3-Schicht'!G$7),Berechnung!F11,"") -> 41.103107 | AI12: =IF(AND($A12>='Auswertung 3-Schicht'!H$6,$A12<='Auswertung 3-Schicht'!H$7),Berechnung!K11,"") | AJ12: =IF(AND($A12>='Auswertung 3-Schicht'!I$6,$A12<='Auswertung 3-Schicht'!I$7),Berechnung!L11,"") | AK12: =IF(AND($A12>='Auswertung 3-Schicht'!J$6,$A12<='Auswertung 3-Schicht'!J$7),Berechnung!P11,"") | AL12: =IF(AND($A12>='Auswertung 3-Schicht'!K$6,$A12<='Auswertung 3-Schicht'!K$7),Berechnung!Q11,"") | AM12: =IF(AND($A12>='Auswertung 3-Schicht'!D$10,$A12<='Auswertung 3-Schicht'!D$11),Berechnung!C11,"") | AN12: =IF(AND($A12>='Auswertung 3-Schicht'!E$10,$A12<='Auswertung 3-Schicht'!E$11),Berechnung!D11,"") | AO12: =IF(AND($A12>='Auswertung 3-Schicht'!F$10,$A12<='Auswertung 3-Schicht'!F$11),Berechnung!E11,"") -> 92.53435 | AP12: =IF(AND($A12>='Auswertung 3-Schicht'!G$10,$A12<='Auswertung 3-Schicht'!G$11),Berechnung!F11,"") | AQ12: =IF(AND($A12>='Auswertung 3-Schicht'!H$10,$A12<='Auswertung 3-Schicht'!H$11),Berechnung!K11,"") | AR12: =IF(AND($A12>='Auswertung 3-Schicht'!I$10,$A12<='Auswertung 3-Schicht'!I$11),Berechnung!L11,"") | AS12: =IF(AND($A12>='Auswertung 3-Schicht'!J$10,$A12<='Auswertung 3-Schicht'!J$11),Berechnung!P11,"") | AT12: =IF(AND($A12>='Auswertung 3-Schicht'!K$10,$A12<='Auswertung 3-Schicht'!K$11),Berechnung!Q11,"") | AU12: =IF(SUM(W12:X12)=0,-999,SUM(W12:X12)) -> -999 | AV12: =IF(Y12="",-999,Y12) -> -999 | AW12: =IF(Z12="",-999,Z12) -> -999 | AX12: =IF(AA12="",-999,AA12) -> -999 | AY12: =IF(AB12="",-999,AB12) -> -999 | AZ12: =IF(AC12="",-999,AC12) -> -999 | BA12: =IF(AD12="",-999,AD12) -> -999 | BB12: =IF(SUM(AE12:AF12)=0,-999,SUM(AE12:AF12)) -> 57.155686 | BC12: =IF(AG12="",-999,AG12) -> -999 | BD12: =IF(AH12="",-999,AH12) -> 41.103107 | BE12: =IF(AI12="",-999,AI12) -> -999 | BF12: =IF(AJ12="",-999,AJ12) -> -999 | BG12: =IF(AK12="",-999,AK12) -> -999 | BH12: =IF(AL12="",-999,AL12) -> -999 | BI12: =IF(SUM(AM12:AN12)=0,-999,SUM(AM12:AN12)) -> -999 | BJ12: =IF(AO12="",-999,AO12) -> 92.53435 | BK12: =IF(AP12="",-999,AP12) -> -999 | BL12: =IF(AQ12="",-999,AQ12) -> -999 | BM12: =IF(AR12="",-999,AR12) -> -999 | BN12: =IF(AS12="",-999,AS12) -> -999 | BO12: =IF(AT12="",-999,AT12) -> -999 | BP12: =IF('Auswertung 2-Schicht'!O$4="",-999,MIN(1000*SQRT((A12+1)^2+AVERAGE(T0_Korrektur!D$1,T0_Korrektur!F$1,T0_Korrektur!H$1)^2)/'Auswertung 2-Schicht'!$O$4,'Auswertung 2-Schicht'!$O$8+1000*SQRT((A12+1)^2+AVERAGE(T0_Korrektur!D$1,T0_Korrektur!F$1,T0_Korrektur!H$1)^2)/'Auswertung 2-Schicht'!$O$7)) -> 49.242447 | BQ12: =IF('Auswertung 3-Schicht'!N$4="",-999,IF('Auswertung 3-Schicht'!N$8="",MIN(1000*SQRT((A12+1)^2+AVERAGE(T0_Korrektur!D$1,T0_Korrektur!F$1,T0_Korrektur!H$1)^2)/'Auswertung 3-Schicht'!N$4,'Auswertung 3-Schicht'!N$6+1000*SQRT((A12+1)^2+AVERAGE(T0_Korrektur!D$1,T0_Korrektur!F$1,T0_Korrektur!H$1)^2)/'Auswertung 3-Schicht'!N$5),MIN(1000*SQRT((A12+1)^2+AVERAGE(T0_Korrektur!D$1,T0_Korrektur!F$1,T0_Korrektur!H$1)^2)/'Auswertung 3-Schicht'!N$4,'Auswertung 3-Schicht'!N$6+1000*SQRT((A12+1)^2+AVERAGE(T0_Korrektur!D$1,T0_Korrektur!F$1,T0_Korrektur!H$1)^2)/'Auswertung 3-Schicht'!N$5,'Auswertung 3-Schicht'!N$9+1000*SQRT((A12+1)^2+AVERAGE(T0_Korrektur!D$1,T0_Korrektur!F$1,T0_Korrektur!H$1)^2)/'Auswertung 3-Schicht'!N$8))) -> 38.419146 | BR12: =ABS(T0_Korrektur!C11) -> 66.271808 | BS12: =ABS(T0_Korrektur!E11) -> 165.00776 | BT12: =ABS(T0_Korrektur!I11) -> 999 | BU12: =ABS(T0_Korrektur!M11) -> 999 | BV12: =IF(T0_Korrektur!H11="","",T0_Korrektur!H11-Hilfsdaten!BP12) -> -8.0763475 | BW12: =IF(T0_Korrektur!D35="","",T0_Korrektur!D35-Hilfsdaten!BP12) -> -10.256147 | BX12: =IF(T0_Korrektur!D18="","",T0_Korrektur!D18-Hilfsdaten!BP12) -> -11.166447 | BY12: =IF(T0_Korrektur!F48="","",T0_Korrektur!F48-Hilfsdaten!BP12) -> -34.178047 | BZ12: =IF(T0_Korrektur!H11="","",T0_Korrektur!H11-Hilfsdaten!BQ12) -> 2.7469537 | CA12: =IF(T0_Korrektur!D35="","",T0_Korrektur!D35-Hilfsdaten!BQ12) -> 0.56715366 | CB12: =IF(T0_Korrektur!D18="","",T0_Korrektur!D18-Hilfsdaten!BQ12) -> -0.34314634 | CC12: =IF(T0_Korrektur!F48="","",T0_Korrektur!F48-Hilfsdaten!BQ12) -> -23.354746
A13: ='Picks importieren'!B13 -> 35 | B13: =IF(AND($A13>='Auswertung 2-Schicht'!C$3,$A13<='Auswertung 2-Schicht'!C$4),Berechnung!C12,"") | C13: =IF(AND($A13>='Auswertung 2-Schicht'!D$3,$A13<='Auswertung 2-Schicht'!D$4),Berechnung!D12,"") | D13: =IF(AND($A13>='Auswertung 2-Schicht'!E$3,$A13<='Auswertung 2-Schicht'!E$4),Berechnung!G12,"") | E13: =IF(AND($A13>='Auswertung 2-Schicht'!F$3,$A13<='Auswertung 2-Schicht'!F$4),Berechnung!F12,"") | F13: =IF(AND($A13>='Auswertung 2-Schicht'!H$3,$A13<='Auswertung 2-Schicht'!H$4),IF('Auswertung 2-Schicht'!$H$8=1,Berechnung!I12,IF('Auswertung 2-Schicht'!$H$8=2,Berechnung!N12,Berechnung!S12)),"") -> 47.683975 | G13: =IF(AND($A13>='Auswertung 2-Schicht'!H$3,$A13<='Auswertung 2-Schicht'!H$4),IF('Auswertung 2-Schicht'!$H$8=1,Berechnung!J12,IF('Auswertung 2-Schicht'!$H$8=2,Berechnung!O12,Berechnung!T12)),"") -> 32.962023 | H13: =IF(AND($A13>='Auswertung 2-Schicht'!I$3,$A13<='Auswertung 2-Schicht'!I$4),Berechnung!K12,"") | I13: =IF(AND($A13>='Auswertung 2-Schicht'!J$3,$A13<='Auswertung 2-Schicht'!J$4),Berechnung!L12,"") | J13: =IF(AND($A13>='Auswertung 2-Schicht'!K$3,$A13<='Auswertung 2-Schicht'!K$4),Berechnung!P12,"") | K13: =IF(AND($A13>='Auswertung 2-Schicht'!L$3,$A13<='Auswertung 2-Schicht'!L$4),Berechnung!Q12,"") | L13: =IF('Auswertung 2-Schicht'!$H$8=1,Berechnung!I12,IF('Auswertung 2-Schicht'!$H$8=2,Berechnung!N12,Berechnung!S12)) -> 47.683975 | M13: =IF('Auswertung 2-Schicht'!$H$8=1,Berechnung!J12,IF('Auswertung 2-Schicht'!$H$8=2,Berechnung!O12,Berechnung!T12)) -> 32.962023 | N13: =IF(SUM(B13:C13)=0,-999,SUM(B13:C13)) -> -999 | O13: =IF(D13="",-999,D13) -> -999 | P13: =IF(E13="",-999,E13) -> -999 | Q13: =IF(F13="",-999,F13) -> 47.683975 | R13: =IF(G13="",-999,G13) -> 32.962023 | S13: =IF(H13="",-999,H13) -> -999 | T13: =IF(I13="",-999,I13) -> -999 | U13: =IF(J13="",-999,J13) -> -999 | V13: =IF(K13="",-999,K13) -> -999 | W13: =IF(AND($A13>='Auswertung 3-Schicht'!D$3,$A13<='Auswertung 3-Schicht'!D$4),Berechnung!C12,"") | X13: =IF(AND($A13>='Auswertung 3-Schicht'!E$3,$A13<='Auswertung 3-Schicht'!E$4),Berechnung!D12,"") | Y13: =IF(AND($A13>='Auswertung 3-Schicht'!F$3,$A13<='Auswertung 3-Schicht'!F$4),Berechnung!E12,"") | Z13: =IF(AND($A13>='Auswertung 3-Schicht'!G$3,$A13<='Auswertung 3-Schicht'!G$4),Berechnung!F12,"") | AA13: =IF(AND($A13>='Auswertung 3-Schicht'!H$3,$A13<='Auswertung 3-Schicht'!H$4),Berechnung!K12,"") | AB13: =IF(AND($A13>='Auswertung 3-Schicht'!I$3,$A13<='Auswertung 3-Schicht'!I$4),Berechnung!L12,"") | AC13: =IF(AND($A13>='Auswertung 3-Schicht'!J$3,$A13<='Auswertung 3-Schicht'!J$4),Berechnung!P12,"") | AD13: =IF(AND($A13>='Auswertung 3-Schicht'!K$3,$A13<='Auswertung 3-Schicht'!K$4),Berechnung!Q12,"") | AE13: =IF(AND($A13>='Auswertung 3-Schicht'!D$6,$A13<='Auswertung 3-Schicht'!D$7),Berechnung!C12,"") -> 54.496014 | AF13: =IF(AND($A13>='Auswertung 3-Schicht'!E$6,$A13<='Auswertung 3-Schicht'!E$7),Berechnung!D12,"") | AG13: =IF(AND($A13>='Auswertung 3-Schicht'!F$6,$A13<='Auswertung 3-Schicht'!F$7),Berechnung!E12,"") | AH13: =IF(AND($A13>='Auswertung 3-Schicht'!G$6,$A13<='Auswertung 3-Schicht'!G$7),Berechnung!F12,"") -> 43.676514 | AI13: =IF(AND($A13>='Auswertung 3-Schicht'!H$6,$A13<='Auswertung 3-Schicht'!H$7),Berechnung!K12,"") | AJ13: =IF(AND($A13>='Auswertung 3-Schicht'!I$6,$A13<='Auswertung 3-Schicht'!I$7),Berechnung!L12,"") | AK13: =IF(AND($A13>='Auswertung 3-Schicht'!J$6,$A13<='Auswertung 3-Schicht'!J$7),Berechnung!P12,"") | AL13: =IF(AND($A13>='Auswertung 3-Schicht'!K$6,$A13<='Auswertung 3-Schicht'!K$7),Berechnung!Q12,"") | AM13: =IF(AND($A13>='Auswertung 3-Schicht'!D$10,$A13<='Auswertung 3-Schicht'!D$11),Berechnung!C12,"") | AN13: =IF(AND($A13>='Auswertung 3-Schicht'!E$10,$A13<='Auswertung 3-Schicht'!E$11),Berechnung!D12,"") | AO13: =IF(AND($A13>='Auswertung 3-Schicht'!F$10,$A13<='Auswertung 3-Schicht'!F$11),Berechnung!E12,"") -> 90.490076 | AP13: =IF(AND($A13>='Auswertung 3-Schicht'!G$10,$A13<='Auswertung 3-Schicht'!G$11),Berechnung!F12,"") | AQ13: =IF(AND($A13>='Auswertung 3-Schicht'!H$10,$A13<='Auswertung 3-Schicht'!H$11),Berechnung!K12,"") | AR13: =IF(AND($A13>='Auswertung 3-Schicht'!I$10,$A13<='Auswertung 3-Schicht'!I$11),Berechnung!L12,"") | AS13: =IF(AND($A13>='Auswertung 3-Schicht'!J$10,$A13<='Auswertung 3-Schicht'!J$11),Berechnung!P12,"") | AT13: =IF(AND($A13>='Auswertung 3-Schicht'!K$10,$A13<='Auswertung 3-Schicht'!K$11),Berechnung!Q12,"") | AU13: =IF(SUM(W13:X13)=0,-999,SUM(W13:X13)) -> -999 | AV13: =IF(Y13="",-999,Y13) -> -999 | AW13: =IF(Z13="",-999,Z13) -> -999 | AX13: =IF(AA13="",-999,AA13) -> -999 | AY13: =IF(AB13="",-999,AB13) -> -999 | AZ13: =IF(AC13="",-999,AC13) -> -999 | BA13: =IF(AD13="",-999,AD13) -> -999 | BB13: =IF(SUM(AE13:AF13)=0,-999,SUM(AE13:AF13)) -> 54.496014 | BC13: =IF(AG13="",-999,AG13) -> -999 | BD13: =IF(AH13="",-999,AH13) -> 43.676514 | BE13: =IF(AI13="",-999,AI13) -> -999 | BF13: =IF(AJ13="",-999,AJ13) -> -999 | BG13: =IF(AK13="",-999,AK13) -> -999 | BH13: =IF(AL13="",-999,AL13) -> -999 | BI13: =IF(SUM(AM13:AN13)=0,-999,SUM(AM13:AN13)) -> -999 | BJ13: =IF(AO13="",-999,AO13) -> 90.490076 | BK13: =IF(AP13="",-999,AP13) -> -999 | BL13: =IF(AQ13="",-999,AQ13) -> -999 | BM13: =IF(AR13="",-999,AR13) -> -999 | BN13: =IF(AS13="",-999,AS13) -> -999 | BO13: =IF(AT13="",-999,AT13) -> -999 | BP13: =IF('Auswertung 2-Schicht'!O$4="",-999,MIN(1000*SQRT((A13+1)^2+AVERAGE(T0_Korrektur!D$1,T0_Korrektur!F$1,T0_Korrektur!H$1)^2)/'Auswertung 2-Schicht'!$O$4,'Auswertung 2-Schicht'!$O$8+1000*SQRT((A13+1)^2+AVERAGE(T0_Korrektur!D$1,T0_Korrektur!F$1,T0_Korrektur!H$1)^2)/'Auswertung 2-Schicht'!$O$7)) -> 51.192989 | BQ13: =IF('Auswertung 3-Schicht'!N$4="",-999,IF('Auswertung 3-Schicht'!N$8="",MIN(1000*SQRT((A13+1)^2+AVERAGE(T0_Korrektur!D$1,T0_Korrektur!F$1,T0_Korrektur!H$1)^2)/'Auswertung 3-Schicht'!N$4,'Auswertung 3-Schicht'!N$6+1000*SQRT((A13+1)^2+AVERAGE(T0_Korrektur!D$1,T0_Korrektur!F$1,T0_Korrektur!H$1)^2)/'Auswertung 3-Schicht'!N$5),MIN(1000*SQRT((A13+1)^2+AVERAGE(T0_Korrektur!D$1,T0_Korrektur!F$1,T0_Korrektur!H$1)^2)/'Auswertung 3-Schicht'!N$4,'Auswertung 3-Schicht'!N$6+1000*SQRT((A13+1)^2+AVERAGE(T0_Korrektur!D$1,T0_Korrektur!F$1,T0_Korrektur!H$1)^2)/'Auswertung 3-Schicht'!N$5,'Auswertung 3-Schicht'!N$9+1000*SQRT((A13+1)^2+AVERAGE(T0_Korrektur!D$1,T0_Korrektur!F$1,T0_Korrektur!H$1)^2)/'Auswertung 3-Schicht'!N$8))) -> 41.132388 | BR13: =ABS(T0_Korrektur!C12) -> 61.273587 | BS13: =ABS(T0_Korrektur!E12) -> 160.008 | BT13: =ABS(T0_Korrektur!I12) -> 999 | BU13: =ABS(T0_Korrektur!M12) -> 999 | BV13: =IF(T0_Korrektur!H12="","",T0_Korrektur!H12-Hilfsdaten!BP13) -> -7.4661892 | BW13: =IF(T0_Korrektur!D36="","",T0_Korrektur!D36-Hilfsdaten!BP13) -> -10.235489 | BX13: =IF(T0_Korrektur!D17="","",T0_Korrektur!D17-Hilfsdaten!BP13) -> -10.090789 | BY13: =IF(T0_Korrektur!F47="","",T0_Korrektur!F47-Hilfsdaten!BP13) -> -31.631389 | BZ13: =IF(T0_Korrektur!H12="","",T0_Korrektur!H12-Hilfsdaten!BQ13) -> 2.5944117 | CA13: =IF(T0_Korrektur!D36="","",T0_Korrektur!D36-Hilfsdaten!BQ13) -> -0.17488835 | CB13: =IF(T0_Korrektur!D17="","",T0_Korrektur!D17-Hilfsdaten!BQ13) -> -0.030188348 | CC13: =IF(T0_Korrektur!F47="","",T0_Korrektur!F47-Hilfsdaten!BQ13) -> -21.570788
A14: ='Picks importieren'!B14 -> 40 | B14: =IF(AND($A14>='Auswertung 2-Schicht'!C$3,$A14<='Auswertung 2-Schicht'!C$4),Berechnung!C13,"") | C14: =IF(AND($A14>='Auswertung 2-Schicht'!D$3,$A14<='Auswertung 2-Schicht'!D$4),Berechnung!D13,"") | D14: =IF(AND($A14>='Auswertung 2-Schicht'!E$3,$A14<='Auswertung 2-Schicht'!E$4),Berechnung!G13,"") | E14: =IF(AND($A14>='Auswertung 2-Schicht'!F$3,$A14<='Auswertung 2-Schicht'!F$4),Berechnung!F13,"") | F14: =IF(AND($A14>='Auswertung 2-Schicht'!H$3,$A14<='Auswertung 2-Schicht'!H$4),IF('Auswertung 2-Schicht'!$H$8=1,Berechnung!I13,IF('Auswertung 2-Schicht'!$H$8=2,Berechnung!N13,Berechnung!S13)),"") -> 51.889212 | G14: =IF(AND($A14>='Auswertung 2-Schicht'!H$3,$A14<='Auswertung 2-Schicht'!H$4),IF('Auswertung 2-Schicht'!$H$8=1,Berechnung!J13,IF('Auswertung 2-Schicht'!$H$8=2,Berechnung!O13,Berechnung!T13)),"") -> 33.896041 | H14: =IF(AND($A14>='Auswertung 2-Schicht'!I$3,$A14<='Auswertung 2-Schicht'!I$4),Berechnung!K13,"") | I14: =IF(AND($A14>='Auswertung 2-Schicht'!J$3,$A14<='Auswertung 2-Schicht'!J$4),Berechnung!L13,"") | J14: =IF(AND($A14>='Auswertung 2-Schicht'!K$3,$A14<='Auswertung 2-Schicht'!K$4),Berechnung!P13,"") | K14: =IF(AND($A14>='Auswertung 2-Schicht'!L$3,$A14<='Auswertung 2-Schicht'!L$4),Berechnung!Q13,"") | L14: =IF('Auswertung 2-Schicht'!$H$8=1,Berechnung!I13,IF('Auswertung 2-Schicht'!$H$8=2,Berechnung!N13,Berechnung!S13)) -> 51.889212 | M14: =IF('Auswertung 2-Schicht'!$H$8=1,Berechnung!J13,IF('Auswertung 2-Schicht'!$H$8=2,Berechnung!O13,Berechnung!T13)) -> 33.896041 | N14: =IF(SUM(B14:C14)=0,-999,SUM(B14:C14)) -> -999 | O14: =IF(D14="",-999,D14) -> -999 | P14: =IF(E14="",-999,E14) -> -999 | Q14: =IF(F14="",-999,F14) -> 51.889212 | R14: =IF(G14="",-999,G14) -> 33.896041 | S14: =IF(H14="",-999,H14) -> -999 | T14: =IF(I14="",-999,I14) -> -999 | U14: =IF(J14="",-999,J14) -> -999 | V14: =IF(K14="",-999,K14) -> -999 | W14: =IF(AND($A14>='Auswertung 3-Schicht'!D$3,$A14<='Auswertung 3-Schicht'!D$4),Berechnung!C13,"") | X14: =IF(AND($A14>='Auswertung 3-Schicht'!E$3,$A14<='Auswertung 3-Schicht'!E$4),Berechnung!D13,"") | Y14: =IF(AND($A14>='Auswertung 3-Schicht'!F$3,$A14<='Auswertung 3-Schicht'!F$4),Berechnung!E13,"") | Z14: =IF(AND($A14>='Auswertung 3-Schicht'!G$3,$A14<='Auswertung 3-Schicht'!G$4),Berechnung!F13,"") | AA14: =IF(AND($A14>='Auswertung 3-Schicht'!H$3,$A14<='Auswertung 3-Schicht'!H$4),Berechnung!K13,"") | AB14: =IF(AND($A14>='Auswertung 3-Schicht'!I$3,$A14<='Auswertung 3-Schicht'!I$4),Berechnung!L13,"") | AC14: =IF(AND($A14>='Auswertung 3-Schicht'!J$3,$A14<='Auswertung 3-Schicht'!J$4),Berechnung!P13,"") | AD14: =IF(AND($A14>='Auswertung 3-Schicht'!K$3,$A14<='Auswertung 3-Schicht'!K$4),Berechnung!Q13,"") | AE14: =IF(AND($A14>='Auswertung 3-Schicht'!D$6,$A14<='Auswertung 3-Schicht'!D$7),Berechnung!C13,"") -> 51.223012 | AF14: =IF(AND($A14>='Auswertung 3-Schicht'!E$6,$A14<='Auswertung 3-Schicht'!E$7),Berechnung!D13,"") | AG14: =IF(AND($A14>='Auswertung 3-Schicht'!F$6,$A14<='Auswertung 3-Schicht'!F$7),Berechnung!E13,"") | AH14: =IF(AND($A14>='Auswertung 3-Schicht'!G$6,$A14<='Auswertung 3-Schicht'!G$7),Berechnung!F13,"") -> 46.246141 | AI14: =IF(AND($A14>='Auswertung 3-Schicht'!H$6,$A14<='Auswertung 3-Schicht'!H$7),Berechnung!K13,"") | AJ14: =IF(AND($A14>='Auswertung 3-Schicht'!I$6,$A14<='Auswertung 3-Schicht'!I$7),Berechnung!L13,"") | AK14: =IF(AND($A14>='Auswertung 3-Schicht'!J$6,$A14<='Auswertung 3-Schicht'!J$7),Berechnung!P13,"") | AL14: =IF(AND($A14>='Auswertung 3-Schicht'!K$6,$A14<='Auswertung 3-Schicht'!K$7),Berechnung!Q13,"") | AM14: =IF(AND($A14>='Auswertung 3-Schicht'!D$10,$A14<='Auswertung 3-Schicht'!D$11),Berechnung!C13,"") | AN14: =IF(AND($A14>='Auswertung 3-Schicht'!E$10,$A14<='Auswertung 3-Schicht'!E$11),Berechnung!D13,"") | AO14: =IF(AND($A14>='Auswertung 3-Schicht'!F$10,$A14<='Auswertung 3-Schicht'!F$11),Berechnung!E13,"") -> 88.854466 | AP14: =IF(AND($A14>='Auswertung 3-Schicht'!G$10,$A14<='Auswertung 3-Schicht'!G$11),Berechnung!F13,"") | AQ14: =IF(AND($A14>='Auswertung 3-Schicht'!H$10,$A14<='Auswertung 3-Schicht'!H$11),Berechnung!K13,"") | AR14: =IF(AND($A14>='Auswertung 3-Schicht'!I$10,$A14<='Auswertung 3-Schicht'!I$11),Berechnung!L13,"") | AS14: =IF(AND($A14>='Auswertung 3-Schicht'!J$10,$A14<='Auswertung 3-Schicht'!J$11),Berechnung!P13,"") | AT14: =IF(AND($A14>='Auswertung 3-Schicht'!K$10,$A14<='Auswertung 3-Schicht'!K$11),Berechnung!Q13,"") | AU14: =IF(SUM(W14:X14)=0,-999,SUM(W14:X14)) -> -999 | AV14: =IF(Y14="",-999,Y14) -> -999 | AW14: =IF(Z14="",-999,Z14) -> -999 | AX14: =IF(AA14="",-999,AA14) -> -999 | AY14: =IF(AB14="",-999,AB14) -> -999 | AZ14: =IF(AC14="",-999,AC14) -> -999 | BA14: =IF(AD14="",-999,AD14) -> -999 | BB14: =IF(SUM(AE14:AF14)=0,-999,SUM(AE14:AF14)) -> 51.223012 | BC14: =IF(AG14="",-999,AG14) -> -999 | BD14: =IF(AH14="",-999,AH14) -> 46.246141 | BE14: =IF(AI14="",-999,AI14) -> -999 | BF14: =IF(AJ14="",-999,AJ14) -> -999 | BG14: =IF(AK14="",-999,AK14) -> -999 | BH14: =IF(AL14="",-999,AL14) -> -999 | BI14: =IF(SUM(AM14:AN14)=0,-999,SUM(AM14:AN14)) -> -999 | BJ14: =IF(AO14="",-999,AO14) -> 88.854466 | BK14: =IF(AP14="",-999,AP14) -> -999 | BL14: =IF(AQ14="",-999,AQ14) -> -999 | BM14: =IF(AR14="",-999,AR14) -> -999 | BN14: =IF(AS14="",-999,AS14) -> -999 | BO14: =IF(AT14="",-999,AT14) -> -999 | BP14: =IF('Auswertung 2-Schicht'!O$4="",-999,MIN(1000*SQRT((A14+1)^2+AVERAGE(T0_Korrektur!D$1,T0_Korrektur!F$1,T0_Korrektur!H$1)^2)/'Auswertung 2-Schicht'!$O$4,'Auswertung 2-Schicht'!$O$8+1000*SQRT((A14+1)^2+AVERAGE(T0_Korrektur!D$1,T0_Korrektur!F$1,T0_Korrektur!H$1)^2)/'Auswertung 2-Schicht'!$O$7)) -> 53.144146 | BQ14: =IF('Auswertung 3-Schicht'!N$4="",-999,IF('Auswertung 3-Schicht'!N$8="",MIN(1000*SQRT((A14+1)^2+AVERAGE(T0_Korrektur!D$1,T0_Korrektur!F$1,T0_Korrektur!H$1)^2)/'Auswertung 3-Schicht'!N$4,'Auswertung 3-Schicht'!N$6+1000*SQRT((A14+1)^2+AVERAGE(T0_Korrektur!D$1,T0_Korrektur!F$1,T0_Korrektur!H$1)^2)/'Auswertung 3-Schicht'!N$5),MIN(1000*SQRT((A14+1)^2+AVERAGE(T0_Korrektur!D$1,T0_Korrektur!F$1,T0_Korrektur!H$1)^2)/'Auswertung 3-Schicht'!N$4,'Auswertung 3-Schicht'!N$6+1000*SQRT((A14+1)^2+AVERAGE(T0_Korrektur!D$1,T0_Korrektur!F$1,T0_Korrektur!H$1)^2)/'Auswertung 3-Schicht'!N$5,'Auswertung 3-Schicht'!N$9+1000*SQRT((A14+1)^2+AVERAGE(T0_Korrektur!D$1,T0_Korrektur!F$1,T0_Korrektur!H$1)^2)/'Auswertung 3-Schicht'!N$8))) -> 43.846485 | BR14: =ABS(T0_Korrektur!C13) -> 56.275683 | BS14: =ABS(T0_Korrektur!E13) -> 155.00826 | BT14: =ABS(T0_Korrektur!I13) -> 999 | BU14: =ABS(T0_Korrektur!M13) -> 999 | BV14: =IF(T0_Korrektur!H13="","",T0_Korrektur!H13-Hilfsdaten!BP14) -> -6.8565455 | BW14: =IF(T0_Korrektur!D37="","",T0_Korrektur!D37-Hilfsdaten!BP14) -> -9.5583455 | BX14: =IF(T0_Korrektur!D16="","",T0_Korrektur!D16-Hilfsdaten!BP14) -> -9.4612455 | BY14: =IF(T0_Korrektur!F46="","",T0_Korrektur!F46-Hilfsdaten!BP14) -> -29.085346 | BZ14: =IF(T0_Korrektur!H13="","",T0_Korrektur!H13-Hilfsdaten!BQ14) -> 2.4411146 | CA14: =IF(T0_Korrektur!D37="","",T0_Korrektur!D37-Hilfsdaten!BQ14) -> -0.26068537 | CB14: =IF(T0_Korrektur!D16="","",T0_Korrektur!D16-Hilfsdaten!BQ14) -> -0.16358537 | CC14: =IF(T0_Korrektur!F46="","",T0_Korrektur!F46-Hilfsdaten!BQ14) -> -19.787685
A15: ='Picks importieren'!B15 -> 45 | B15: =IF(AND($A15>='Auswertung 2-Schicht'!C$3,$A15<='Auswertung 2-Schicht'!C$4),Berechnung!C14,"") | C15: =IF(AND($A15>='Auswertung 2-Schicht'!D$3,$A15<='Auswertung 2-Schicht'!D$4),Berechnung!D14,"") | D15: =IF(AND($A15>='Auswertung 2-Schicht'!E$3,$A15<='Auswertung 2-Schicht'!E$4),Berechnung!G14,"") | E15: =IF(AND($A15>='Auswertung 2-Schicht'!F$3,$A15<='Auswertung 2-Schicht'!F$4),Berechnung!F14,"") | F15: =IF(AND($A15>='Auswertung 2-Schicht'!H$3,$A15<='Auswertung 2-Schicht'!H$4),IF('Auswertung 2-Schicht'!$H$8=1,Berechnung!I14,IF('Auswertung 2-Schicht'!$H$8=2,Berechnung!N14,Berechnung!S14)),"") -> 56.347879 | G15: =IF(AND($A15>='Auswertung 2-Schicht'!H$3,$A15<='Auswertung 2-Schicht'!H$4),IF('Auswertung 2-Schicht'!$H$8=1,Berechnung!J14,IF('Auswertung 2-Schicht'!$H$8=2,Berechnung!O14,Berechnung!T14)),"") -> 35.083653 | H15: =IF(AND($A15>='Auswertung 2-Schicht'!I$3,$A15<='Auswertung 2-Schicht'!I$4),Berechnung!K14,"") | I15: =IF(AND($A15>='Auswertung 2-Schicht'!J$3,$A15<='Auswertung 2-Schicht'!J$4),Berechnung!L14,"") | J15: =IF(AND($A15>='Auswertung 2-Schicht'!K$3,$A15<='Auswertung 2-Schicht'!K$4),Berechnung!P14,"") | K15: =IF(AND($A15>='Auswertung 2-Schicht'!L$3,$A15<='Auswertung 2-Schicht'!L$4),Berechnung!Q14,"") | L15: =IF('Auswertung 2-Schicht'!$H$8=1,Berechnung!I14,IF('Auswertung 2-Schicht'!$H$8=2,Berechnung!N14,Berechnung!S14)) -> 56.347879 | M15: =IF('Auswertung 2-Schicht'!$H$8=1,Berechnung!J14,IF('Auswertung 2-Schicht'!$H$8=2,Berechnung!O14,Berechnung!T14)) -> 35.083653 | N15: =IF(SUM(B15:C15)=0,-999,SUM(B15:C15)) -> -999 | O15: =IF(D15="",-999,D15) -> -999 | P15: =IF(E15="",-999,E15) -> -999 | Q15: =IF(F15="",-999,F15) -> 56.347879 | R15: =IF(G15="",-999,G15) -> 35.083653 | S15: =IF(H15="",-999,H15) -> -999 | T15: =IF(I15="",-999,I15) -> -999 | U15: =IF(J15="",-999,J15) -> -999 | V15: =IF(K15="",-999,K15) -> -999 | W15: =IF(AND($A15>='Auswertung 3-Schicht'!D$3,$A15<='Auswertung 3-Schicht'!D$4),Berechnung!C14,"") | X15: =IF(AND($A15>='Auswertung 3-Schicht'!E$3,$A15<='Auswertung 3-Schicht'!E$4),Berechnung!D14,"") | Y15: =IF(AND($A15>='Auswertung 3-Schicht'!F$3,$A15<='Auswertung 3-Schicht'!F$4),Berechnung!E14,"") | Z15: =IF(AND($A15>='Auswertung 3-Schicht'!G$3,$A15<='Auswertung 3-Schicht'!G$4),Berechnung!F14,"") | AA15: =IF(AND($A15>='Auswertung 3-Schicht'!H$3,$A15<='Auswertung 3-Schicht'!H$4),Berechnung!K14,"") | AB15: =IF(AND($A15>='Auswertung 3-Schicht'!I$3,$A15<='Auswertung 3-Schicht'!I$4),Berechnung!L14,"") | AC15: =IF(AND($A15>='Auswertung 3-Schicht'!J$3,$A15<='Auswertung 3-Schicht'!J$4),Berechnung!P14,"") | AD15: =IF(AND($A15>='Auswertung 3-Schicht'!K$3,$A15<='Auswertung 3-Schicht'!K$4),Berechnung!Q14,"") | AE15: =IF(AND($A15>='Auswertung 3-Schicht'!D$6,$A15<='Auswertung 3-Schicht'!D$7),Berechnung!C14,"") -> 48.766579 | AF15: =IF(AND($A15>='Auswertung 3-Schicht'!E$6,$A15<='Auswertung 3-Schicht'!E$7),Berechnung!D14,"") | AG15: =IF(AND($A15>='Auswertung 3-Schicht'!F$6,$A15<='Auswertung 3-Schicht'!F$7),Berechnung!E14,"") | AH15: =IF(AND($A15>='Auswertung 3-Schicht'!G$6,$A15<='Auswertung 3-Schicht'!G$7),Berechnung!F14,"") -> 49.069281 | AI15: =IF(AND($A15>='Auswertung 3-Schicht'!H$6,$A15<='Auswertung 3-Schicht'!H$7),Berechnung!K14,"") | AJ15: =IF(AND($A15>='Auswertung 3-Schicht'!I$6,$A15<='Auswertung 3-Schicht'!I$7),Berechnung!L14,"") | AK15: =IF(AND($A15>='Auswertung 3-Schicht'!J$6,$A15<='Auswertung 3-Schicht'!J$7),Berechnung!P14,"") | AL15: =IF(AND($A15>='Auswertung 3-Schicht'!K$6,$A15<='Auswertung 3-Schicht'!K$7),Berechnung!Q14,"") | AM15: =IF(AND($A15>='Auswertung 3-Schicht'!D$10,$A15<='Auswertung 3-Schicht'!D$11),Berechnung!C14,"") | AN15: =IF(AND($A15>='Auswertung 3-Schicht'!E$10,$A15<='Auswertung 3-Schicht'!E$11),Berechnung!D14,"") | AO15: =IF(AND($A15>='Auswertung 3-Schicht'!F$10,$A15<='Auswertung 3-Schicht'!F$11),Berechnung!E14,"") -> 87.218938 | AP15: =IF(AND($A15>='Auswertung 3-Schicht'!G$10,$A15<='Auswertung 3-Schicht'!G$11),Berechnung!F14,"") | AQ15: =IF(AND($A15>='Auswertung 3-Schicht'!H$10,$A15<='Auswertung 3-Schicht'!H$11),Berechnung!K14,"") | AR15: =IF(AND($A15>='Auswertung 3-Schicht'!I$10,$A15<='Auswertung 3-Schicht'!I$11),Berechnung!L14,"") | AS15: =IF(AND($A15>='Auswertung 3-Schicht'!J$10,$A15<='Auswertung 3-Schicht'!J$11),Berechnung!P14,"") | AT15: =IF(AND($A15>='Auswertung 3-Schicht'!K$10,$A15<='Auswertung 3-Schicht'!K$11),Berechnung!Q14,"") | AU15: =IF(SUM(W15:X15)=0,-999,SUM(W15:X15)) -> -999 | AV15: =IF(Y15="",-999,Y15) -> -999 | AW15: =IF(Z15="",-999,Z15) -> -999 | AX15: =IF(AA15="",-999,AA15) -> -999 | AY15: =IF(AB15="",-999,AB15) -> -999 | AZ15: =IF(AC15="",-999,AC15) -> -999 | BA15: =IF(AD15="",-999,AD15) -> -999 | BB15: =IF(SUM(AE15:AF15)=0,-999,SUM(AE15:AF15)) -> 48.766579 | BC15: =IF(AG15="",-999,AG15) -> -999 | BD15: =IF(AH15="",-999,AH15) -> 49.069281 | BE15: =IF(AI15="",-999,AI15) -> -999 | BF15: =IF(AJ15="",-999,AJ15) -> -999 | BG15: =IF(AK15="",-999,AK15) -> -999 | BH15: =IF(AL15="",-999,AL15) -> -999 | BI15: =IF(SUM(AM15:AN15)=0,-999,SUM(AM15:AN15)) -> -999 | BJ15: =IF(AO15="",-999,AO15) -> 87.218938 | BK15: =IF(AP15="",-999,AP15) -> -999 | BL15: =IF(AQ15="",-999,AQ15) -> -999 | BM15: =IF(AR15="",-999,AR15) -> -999 | BN15: =IF(AS15="",-999,AS15) -> -999 | BO15: =IF(AT15="",-999,AT15) -> -999 | BP15: =IF('Auswertung 2-Schicht'!O$4="",-999,MIN(1000*SQRT((A15+1)^2+AVERAGE(T0_Korrektur!D$1,T0_Korrektur!F$1,T0_Korrektur!H$1)^2)/'Auswertung 2-Schicht'!$O$4,'Auswertung 2-Schicht'!$O$8+1000*SQRT((A15+1)^2+AVERAGE(T0_Korrektur!D$1,T0_Korrektur!F$1,T0_Korrektur!H$1)^2)/'Auswertung 2-Schicht'!$O$7)) -> 55.095716 | BQ15: =IF('Auswertung 3-Schicht'!N$4="",-999,IF('Auswertung 3-Schicht'!N$8="",MIN(1000*SQRT((A15+1)^2+AVERAGE(T0_Korrektur!D$1,T0_Korrektur!F$1,T0_Korrektur!H$1)^2)/'Auswertung 3-Schicht'!N$4,'Auswertung 3-Schicht'!N$6+1000*SQRT((A15+1)^2+AVERAGE(T0_Korrektur!D$1,T0_Korrektur!F$1,T0_Korrektur!H$1)^2)/'Auswertung 3-Schicht'!N$5),MIN(1000*SQRT((A15+1)^2+AVERAGE(T0_Korrektur!D$1,T0_Korrektur!F$1,T0_Korrektur!H$1)^2)/'Auswertung 3-Schicht'!N$4,'Auswertung 3-Schicht'!N$6+1000*SQRT((A15+1)^2+AVERAGE(T0_Korrektur!D$1,T0_Korrektur!F$1,T0_Korrektur!H$1)^2)/'Auswertung 3-Schicht'!N$5,'Auswertung 3-Schicht'!N$9+1000*SQRT((A15+1)^2+AVERAGE(T0_Korrektur!D$1,T0_Korrektur!F$1,T0_Korrektur!H$1)^2)/'Auswertung 3-Schicht'!N$8))) -> 46.561159 | BR15: =ABS(T0_Korrektur!C14) -> 51.278187 | BS15: =ABS(T0_Korrektur!E14) -> 150.00853 | BT15: =ABS(T0_Korrektur!I14) -> 999 | BU15: =ABS(T0_Korrektur!M14) -> 999 | BV15: =IF(T0_Korrektur!H14="","",T0_Korrektur!H14-Hilfsdaten!BP15) -> -5.9912164 | BW15: =IF(T0_Korrektur!D38="","",T0_Korrektur!D38-Hilfsdaten!BP15) -> -8.9755164 | BX15: =IF(T0_Korrektur!D15="","",T0_Korrektur!D15-Hilfsdaten!BP15) -> -8.9598164 | BY15: =IF(T0_Korrektur!F45="","",T0_Korrektur!F45-Hilfsdaten!BP15) -> -24.086716 | BZ15: =IF(T0_Korrektur!H14="","",T0_Korrektur!H14-Hilfsdaten!BQ15) -> 2.5433409 | CA15: =IF(T0_Korrektur!D38="","",T0_Korrektur!D38-Hilfsdaten!BQ15) -> -0.44095907 | CB15: =IF(T0_Korrektur!D15="","",T0_Korrektur!D15-Hilfsdaten!BQ15) -> -0.42525907 | CC15: =IF(T0_Korrektur!F45="","",T0_Korrektur!F45-Hilfsdaten!BQ15) -> -15.552159
A16: ='Picks importieren'!B16 -> 50 | B16: =IF(AND($A16>='Auswertung 2-Schicht'!C$3,$A16<='Auswertung 2-Schicht'!C$4),Berechnung!C15,"") | C16: =IF(AND($A16>='Auswertung 2-Schicht'!D$3,$A16<='Auswertung 2-Schicht'!D$4),Berechnung!D15,"") | D16: =IF(AND($A16>='Auswertung 2-Schicht'!E$3,$A16<='Auswertung 2-Schicht'!E$4),Berechnung!G15,"") | E16: =IF(AND($A16>='Auswertung 2-Schicht'!F$3,$A16<='Auswertung 2-Schicht'!F$4),Berechnung!F15,"") | F16: =IF(AND($A16>='Auswertung 2-Schicht'!H$3,$A16<='Auswertung 2-Schicht'!H$4),IF('Auswertung 2-Schicht'!$H$8=1,Berechnung!I15,IF('Auswertung 2-Schicht'!$H$8=2,Berechnung!N15,Berechnung!S15)),"") -> 60.805057 | G16: =IF(AND($A16>='Auswertung 2-Schicht'!H$3,$A16<='Auswertung 2-Schicht'!H$4),IF('Auswertung 2-Schicht'!$H$8=1,Berechnung!J15,IF('Auswertung 2-Schicht'!$H$8=2,Berechnung!O15,Berechnung!T15)),"") -> 36.269534 | H16: =IF(AND($A16>='Auswertung 2-Schicht'!I$3,$A16<='Auswertung 2-Schicht'!I$4),Berechnung!K15,"") | I16: =IF(AND($A16>='Auswertung 2-Schicht'!J$3,$A16<='Auswertung 2-Schicht'!J$4),Berechnung!L15,"") | J16: =IF(AND($A16>='Auswertung 2-Schicht'!K$3,$A16<='Auswertung 2-Schicht'!K$4),Berechnung!P15,"") | K16: =IF(AND($A16>='Auswertung 2-Schicht'!L$3,$A16<='Auswertung 2-Schicht'!L$4),Berechnung!Q15,"") | L16: =IF('Auswertung 2-Schicht'!$H$8=1,Berechnung!I15,IF('Auswertung 2-Schicht'!$H$8=2,Berechnung!N15,Berechnung!S15)) -> 60.805057 | M16: =IF('Auswertung 2-Schicht'!$H$8=1,Berechnung!J15,IF('Auswertung 2-Schicht'!$H$8=2,Berechnung!O15,Berechnung!T15)) -> 36.269534 | N16: =IF(SUM(B16:C16)=0,-999,SUM(B16:C16)) -> -999 | O16: =IF(D16="",-999,D16) -> -999 | P16: =IF(E16="",-999,E16) -> -999 | Q16: =IF(F16="",-999,F16) -> 60.805057 | R16: =IF(G16="",-999,G16) -> 36.269534 | S16: =IF(H16="",-999,H16) -> -999 | T16: =IF(I16="",-999,I16) -> -999 | U16: =IF(J16="",-999,J16) -> -999 | V16: =IF(K16="",-999,K16) -> -999 | W16: =IF(AND($A16>='Auswertung 3-Schicht'!D$3,$A16<='Auswertung 3-Schicht'!D$4),Berechnung!C15,"") | X16: =IF(AND($A16>='Auswertung 3-Schicht'!E$3,$A16<='Auswertung 3-Schicht'!E$4),Berechnung!D15,"") | Y16: =IF(AND($A16>='Auswertung 3-Schicht'!F$3,$A16<='Auswertung 3-Schicht'!F$4),Berechnung!E15,"") | Z16: =IF(AND($A16>='Auswertung 3-Schicht'!G$3,$A16<='Auswertung 3-Schicht'!G$4),Berechnung!F15,"") | AA16: =IF(AND($A16>='Auswertung 3-Schicht'!H$3,$A16<='Auswertung 3-Schicht'!H$4),Berechnung!K15,"") | AB16: =IF(AND($A16>='Auswertung 3-Schicht'!I$3,$A16<='Auswertung 3-Schicht'!I$4),Berechnung!L15,"") | AC16: =IF(AND($A16>='Auswertung 3-Schicht'!J$3,$A16<='Auswertung 3-Schicht'!J$4),Berechnung!P15,"") | AD16: =IF(AND($A16>='Auswertung 3-Schicht'!K$3,$A16<='Auswertung 3-Schicht'!K$4),Berechnung!Q15,"") | AE16: =IF(AND($A16>='Auswertung 3-Schicht'!D$6,$A16<='Auswertung 3-Schicht'!D$7),Berechnung!C15,"") -> 46.104765 | AF16: =IF(AND($A16>='Auswertung 3-Schicht'!E$6,$A16<='Auswertung 3-Schicht'!E$7),Berechnung!D15,"") | AG16: =IF(AND($A16>='Auswertung 3-Schicht'!F$6,$A16<='Auswertung 3-Schicht'!F$7),Berechnung!E15,"") | AH16: =IF(AND($A16>='Auswertung 3-Schicht'!G$6,$A16<='Auswertung 3-Schicht'!G$7),Berechnung!F15,"") -> 51.89081 | AI16: =IF(AND($A16>='Auswertung 3-Schicht'!H$6,$A16<='Auswertung 3-Schicht'!H$7),Berechnung!K15,"") | AJ16: =IF(AND($A16>='Auswertung 3-Schicht'!I$6,$A16<='Auswertung 3-Schicht'!I$7),Berechnung!L15,"") | AK16: =IF(AND($A16>='Auswertung 3-Schicht'!J$6,$A16<='Auswertung 3-Schicht'!J$7),Berechnung!P15,"") | AL16: =IF(AND($A16>='Auswertung 3-Schicht'!K$6,$A16<='Auswertung 3-Schicht'!K$7),Berechnung!Q15,"") | AM16: =IF(AND($A16>='Auswertung 3-Schicht'!D$10,$A16<='Auswertung 3-Schicht'!D$11),Berechnung!C15,"") | AN16: =IF(AND($A16>='Auswertung 3-Schicht'!E$10,$A16<='Auswertung 3-Schicht'!E$11),Berechnung!D15,"") | AO16: =IF(AND($A16>='Auswertung 3-Schicht'!F$10,$A16<='Auswertung 3-Schicht'!F$11),Berechnung!E15,"") -> 85.58329 | AP16: =IF(AND($A16>='Auswertung 3-Schicht'!G$10,$A16<='Auswertung 3-Schicht'!G$11),Berechnung!F15,"") | AQ16: =IF(AND($A16>='Auswertung 3-Schicht'!H$10,$A16<='Auswertung 3-Schicht'!H$11),Berechnung!K15,"") | AR16: =IF(AND($A16>='Auswertung 3-Schicht'!I$10,$A16<='Auswertung 3-Schicht'!I$11),Berechnung!L15,"") | AS16: =IF(AND($A16>='Auswertung 3-Schicht'!J$10,$A16<='Auswertung 3-Schicht'!J$11),Berechnung!P15,"") | AT16: =IF(AND($A16>='Auswertung 3-Schicht'!K$10,$A16<='Auswertung 3-Schicht'!K$11),Berechnung!Q15,"") | AU16: =IF(SUM(W16:X16)=0,-999,SUM(W16:X16)) -> -999 | AV16: =IF(Y16="",-999,Y16) -> -999 | AW16: =IF(Z16="",-999,Z16) -> -999 | AX16: =IF(AA16="",-999,AA16) -> -999 | AY16: =IF(AB16="",-999,AB16) -> -999 | AZ16: =IF(AC16="",-999,AC16) -> -999 | BA16: =IF(AD16="",-999,AD16) -> -999 | BB16: =IF(SUM(AE16:AF16)=0,-999,SUM(AE16:AF16)) -> 46.104765 | BC16: =IF(AG16="",-999,AG16) -> -999 | BD16: =IF(AH16="",-999,AH16) -> 51.89081 | BE16: =IF(AI16="",-999,AI16) -> -999 | BF16: =IF(AJ16="",-999,AJ16) -> -999 | BG16: =IF(AK16="",-999,AK16) -> -999 | BH16: =IF(AL16="",-999,AL16) -> -999 | BI16: =IF(SUM(AM16:AN16)=0,-999,SUM(AM16:AN16)) -> -999 | BJ16: =IF(AO16="",-999,AO16) -> 85.58329 | BK16: =IF(AP16="",-999,AP16) -> -999 | BL16: =IF(AQ16="",-999,AQ16) -> -999 | BM16: =IF(AR16="",-999,AR16) -> -999 | BN16: =IF(AS16="",-999,AS16) -> -999 | BO16: =IF(AT16="",-999,AT16) -> -999 | BP16: =IF('Auswertung 2-Schicht'!O$4="",-999,MIN(1000*SQRT((A16+1)^2+AVERAGE(T0_Korrektur!D$1,T0_Korrektur!F$1,T0_Korrektur!H$1)^2)/'Auswertung 2-Schicht'!$O$4,'Auswertung 2-Schicht'!$O$8+1000*SQRT((A16+1)^2+AVERAGE(T0_Korrektur!D$1,T0_Korrektur!F$1,T0_Korrektur!H$1)^2)/'Auswertung 2-Schicht'!$O$7)) -> 57.04758 | BQ16: =IF('Auswertung 3-Schicht'!N$4="",-999,IF('Auswertung 3-Schicht'!N$8="",MIN(1000*SQRT((A16+1)^2+AVERAGE(T0_Korrektur!D$1,T0_Korrektur!F$1,T0_Korrektur!H$1)^2)/'Auswertung 3-Schicht'!N$4,'Auswertung 3-Schicht'!N$6+1000*SQRT((A16+1)^2+AVERAGE(T0_Korrektur!D$1,T0_Korrektur!F$1,T0_Korrektur!H$1)^2)/'Auswertung 3-Schicht'!N$5),MIN(1000*SQRT((A16+1)^2+AVERAGE(T0_Korrektur!D$1,T0_Korrektur!F$1,T0_Korrektur!H$1)^2)/'Auswertung 3-Schicht'!N$4,'Auswertung 3-Schicht'!N$6+1000*SQRT((A16+1)^2+AVERAGE(T0_Korrektur!D$1,T0_Korrektur!F$1,T0_Korrektur!H$1)^2)/'Auswertung 3-Schicht'!N$5,'Auswertung 3-Schicht'!N$9+1000*SQRT((A16+1)^2+AVERAGE(T0_Korrektur!D$1,T0_Korrektur!F$1,T0_Korrektur!H$1)^2)/'Auswertung 3-Schicht'!N$8))) -> 49.27624 | BR16: =ABS(T0_Korrektur!C15) -> 46.281233 | BS16: =ABS(T0_Korrektur!E15) -> 145.00883 | BT16: =ABS(T0_Korrektur!I15) -> 999 | BU16: =ABS(T0_Korrektur!M15) -> 999 | BV16: =IF(T0_Korrektur!H15="","",T0_Korrektur!H15-Hilfsdaten!BP16) -> -5.1262801 | BW16: =IF(T0_Korrektur!D39="","",T0_Korrektur!D39-Hilfsdaten!BP16) -> -8.8674801 | BX16: =IF(T0_Korrektur!D14="","",T0_Korrektur!D14-Hilfsdaten!BP16) -> -8.2541801 | BY16: =IF(T0_Korrektur!F44="","",T0_Korrektur!F44-Hilfsdaten!BP16) -> -23.17678 | BZ16: =IF(T0_Korrektur!H15="","",T0_Korrektur!H15-Hilfsdaten!BQ16) -> 2.6450599 | CA16: =IF(T0_Korrektur!D39="","",T0_Korrektur!D39-Hilfsdaten!BQ16) -> -1.0961401 | CB16: =IF(T0_Korrektur!D14="","",T0_Korrektur!D14-Hilfsdaten!BQ16) -> -0.48284005 | CC16: =IF(T0_Korrektur!F44="","",T0_Korrektur!F44-Hilfsdaten!BQ16) -> -15.40544
A17: ='Picks importieren'!B17 -> 55 | B17: =IF(AND($A17>='Auswertung 2-Schicht'!C$3,$A17<='Auswertung 2-Schicht'!C$4),Berechnung!C16,"") | C17: =IF(AND($A17>='Auswertung 2-Schicht'!D$3,$A17<='Auswertung 2-Schicht'!D$4),Berechnung!D16,"") | D17: =IF(AND($A17>='Auswertung 2-Schicht'!E$3,$A17<='Auswertung 2-Schicht'!E$4),Berechnung!G16,"") | E17: =IF(AND($A17>='Auswertung 2-Schicht'!F$3,$A17<='Auswertung 2-Schicht'!F$4),Berechnung!F16,"") | F17: =IF(AND($A17>='Auswertung 2-Schicht'!H$3,$A17<='Auswertung 2-Schicht'!H$4),IF('Auswertung 2-Schicht'!$H$8=1,Berechnung!I16,IF('Auswertung 2-Schicht'!$H$8=2,Berechnung!N16,Berechnung!S16)),"") -> 64.059659 | G17: =IF(AND($A17>='Auswertung 2-Schicht'!H$3,$A17<='Auswertung 2-Schicht'!H$4),IF('Auswertung 2-Schicht'!$H$8=1,Berechnung!J16,IF('Auswertung 2-Schicht'!$H$8=2,Berechnung!O16,Berechnung!T16)),"") -> 37.888286 | H17: =IF(AND($A17>='Auswertung 2-Schicht'!I$3,$A17<='Auswertung 2-Schicht'!I$4),Berechnung!K16,"") | I17: =IF(AND($A17>='Auswertung 2-Schicht'!J$3,$A17<='Auswertung 2-Schicht'!J$4),Berechnung!L16,"") | J17: =IF(AND($A17>='Auswertung 2-Schicht'!K$3,$A17<='Auswertung 2-Schicht'!K$4),Berechnung!P16,"") | K17: =IF(AND($A17>='Auswertung 2-Schicht'!L$3,$A17<='Auswertung 2-Schicht'!L$4),Berechnung!Q16,"") | L17: =IF('Auswertung 2-Schicht'!$H$8=1,Berechnung!I16,IF('Auswertung 2-Schicht'!$H$8=2,Berechnung!N16,Berechnung!S16)) -> 64.059659 | M17: =IF('Auswertung 2-Schicht'!$H$8=1,Berechnung!J16,IF('Auswertung 2-Schicht'!$H$8=2,Berechnung!O16,Berechnung!T16)) -> 37.888286 | N17: =IF(SUM(B17:C17)=0,-999,SUM(B17:C17)) -> -999 | O17: =IF(D17="",-999,D17) -> -999 | P17: =IF(E17="",-999,E17) -> -999 | Q17: =IF(F17="",-999,F17) -> 64.059659 | R17: =IF(G17="",-999,G17) -> 37.888286 | S17: =IF(H17="",-999,H17) -> -999 | T17: =IF(I17="",-999,I17) -> -999 | U17: =IF(J17="",-999,J17) -> -999 | V17: =IF(K17="",-999,K17) -> -999 | W17: =IF(AND($A17>='Auswertung 3-Schicht'!D$3,$A17<='Auswertung 3-Schicht'!D$4),Berechnung!C16,"") | X17: =IF(AND($A17>='Auswertung 3-Schicht'!E$3,$A17<='Auswertung 3-Schicht'!E$4),Berechnung!D16,"") | Y17: =IF(AND($A17>='Auswertung 3-Schicht'!F$3,$A17<='Auswertung 3-Schicht'!F$4),Berechnung!E16,"") | Z17: =IF(AND($A17>='Auswertung 3-Schicht'!G$3,$A17<='Auswertung 3-Schicht'!G$4),Berechnung!F16,"") | AA17: =IF(AND($A17>='Auswertung 3-Schicht'!H$3,$A17<='Auswertung 3-Schicht'!H$4),Berechnung!K16,"") | AB17: =IF(AND($A17>='Auswertung 3-Schicht'!I$3,$A17<='Auswertung 3-Schicht'!I$4),Berechnung!L16,"") | AC17: =IF(AND($A17>='Auswertung 3-Schicht'!J$3,$A17<='Auswertung 3-Schicht'!J$4),Berechnung!P16,"") | AD17: =IF(AND($A17>='Auswertung 3-Schicht'!K$3,$A17<='Auswertung 3-Schicht'!K$4),Berechnung!Q16,"") | AE17: =IF(AND($A17>='Auswertung 3-Schicht'!D$6,$A17<='Auswertung 3-Schicht'!D$7),Berechnung!C16,"") -> 43.645851 | AF17: =IF(AND($A17>='Auswertung 3-Schicht'!E$6,$A17<='Auswertung 3-Schicht'!E$7),Berechnung!D16,"") | AG17: =IF(AND($A17>='Auswertung 3-Schicht'!F$6,$A17<='Auswertung 3-Schicht'!F$7),Berechnung!E16,"") | AH17: =IF(AND($A17>='Auswertung 3-Schicht'!G$6,$A17<='Auswertung 3-Schicht'!G$7),Berechnung!F16,"") -> 54.327487 | AI17: =IF(AND($A17>='Auswertung 3-Schicht'!H$6,$A17<='Auswertung 3-Schicht'!H$7),Berechnung!K16,"") | AJ17: =IF(AND($A17>='Auswertung 3-Schicht'!I$6,$A17<='Auswertung 3-Schicht'!I$7),Berechnung!L16,"") | AK17: =IF(AND($A17>='Auswertung 3-Schicht'!J$6,$A17<='Auswertung 3-Schicht'!J$7),Berechnung!P16,"") | AL17: =IF(AND($A17>='Auswertung 3-Schicht'!K$6,$A17<='Auswertung 3-Schicht'!K$7),Berechnung!Q16,"") | AM17: =IF(AND($A17>='Auswertung 3-Schicht'!D$10,$A17<='Auswertung 3-Schicht'!D$11),Berechnung!C16,"") | AN17: =IF(AND($A17>='Auswertung 3-Schicht'!E$10,$A17<='Auswertung 3-Schicht'!E$11),Berechnung!D16,"") | AO17: =IF(AND($A17>='Auswertung 3-Schicht'!F$10,$A17<='Auswertung 3-Schicht'!F$11),Berechnung!E16,"") -> 84.765364 | AP17: =IF(AND($A17>='Auswertung 3-Schicht'!G$10,$A17<='Auswertung 3-Schicht'!G$11),Berechnung!F16,"") | AQ17: =IF(AND($A17>='Auswertung 3-Schicht'!H$10,$A17<='Auswertung 3-Schicht'!H$11),Berechnung!K16,"") | AR17: =IF(AND($A17>='Auswertung 3-Schicht'!I$10,$A17<='Auswertung 3-Schicht'!I$11),Berechnung!L16,"") | AS17: =IF(AND($A17>='Auswertung 3-Schicht'!J$10,$A17<='Auswertung 3-Schicht'!J$11),Berechnung!P16,"") | AT17: =IF(AND($A17>='Auswertung 3-Schicht'!K$10,$A17<='Auswertung 3-Schicht'!K$11),Berechnung!Q16,"") | AU17: =IF(SUM(W17:X17)=0,-999,SUM(W17:X17)) -> -999 | AV17: =IF(Y17="",-999,Y17) -> -999 | AW17: =IF(Z17="",-999,Z17) -> -999 | AX17: =IF(AA17="",-999,AA17) -> -999 | AY17: =IF(AB17="",-999,AB17) -> -999 | AZ17: =IF(AC17="",-999,AC17) -> -999 | BA17: =IF(AD17="",-999,AD17) -> -999 | BB17: =IF(SUM(AE17:AF17)=0,-999,SUM(AE17:AF17)) -> 43.645851 | BC17: =IF(AG17="",-999,AG17) -> -999 | BD17: =IF(AH17="",-999,AH17) -> 54.327487 | BE17: =IF(AI17="",-999,AI17) -> -999 | BF17: =IF(AJ17="",-999,AJ17) -> -999 | BG17: =IF(AK17="",-999,AK17) -> -999 | BH17: =IF(AL17="",-999,AL17) -> -999 | BI17: =IF(SUM(AM17:AN17)=0,-999,SUM(AM17:AN17)) -> -999 | BJ17: =IF(AO17="",-999,AO17) -> 84.765364 | BK17: =IF(AP17="",-999,AP17) -> -999 | BL17: =IF(AQ17="",-999,AQ17) -> -999 | BM17: =IF(AR17="",-999,AR17) -> -999 | BN17: =IF(AS17="",-999,AS17) -> -999 | BO17: =IF(AT17="",-999,AT17) -> -999 | BP17: =IF('Auswertung 2-Schicht'!O$4="",-999,MIN(1000*SQRT((A17+1)^2+AVERAGE(T0_Korrektur!D$1,T0_Korrektur!F$1,T0_Korrektur!H$1)^2)/'Auswertung 2-Schicht'!$O$4,'Auswertung 2-Schicht'!$O$8+1000*SQRT((A17+1)^2+AVERAGE(T0_Korrektur!D$1,T0_Korrektur!F$1,T0_Korrektur!H$1)^2)/'Auswertung 2-Schicht'!$O$7)) -> 58.999658 | BQ17: =IF('Auswertung 3-Schicht'!N$4="",-999,IF('Auswertung 3-Schicht'!N$8="",MIN(1000*SQRT((A17+1)^2+AVERAGE(T0_Korrektur!D$1,T0_Korrektur!F$1,T0_Korrektur!H$1)^2)/'Auswertung 3-Schicht'!N$4,'Auswertung 3-Schicht'!N$6+1000*SQRT((A17+1)^2+AVERAGE(T0_Korrektur!D$1,T0_Korrektur!F$1,T0_Korrektur!H$1)^2)/'Auswertung 3-Schicht'!N$5),MIN(1000*SQRT((A17+1)^2+AVERAGE(T0_Korrektur!D$1,T0_Korrektur!F$1,T0_Korrektur!H$1)^2)/'Auswertung 3-Schicht'!N$4,'Auswertung 3-Schicht'!N$6+1000*SQRT((A17+1)^2+AVERAGE(T0_Korrektur!D$1,T0_Korrektur!F$1,T0_Korrektur!H$1)^2)/'Auswertung 3-Schicht'!N$5,'Auswertung 3-Schicht'!N$9+1000*SQRT((A17+1)^2+AVERAGE(T0_Korrektur!D$1,T0_Korrektur!F$1,T0_Korrektur!H$1)^2)/'Auswertung 3-Schicht'!N$8))) -> 51.991619 | BR17: =ABS(T0_Korrektur!C16) -> 41.285015 | BS17: =ABS(T0_Korrektur!E16) -> 140.00914 | BT17: =ABS(T0_Korrektur!I16) -> 999 | BU17: =ABS(T0_Korrektur!M16) -> 999 | BV17: =IF(T0_Korrektur!H16="","",T0_Korrektur!H16-Hilfsdaten!BP17) -> -4.6455583 | BW17: =IF(T0_Korrektur!D40="","",T0_Korrektur!D40-Hilfsdaten!BP17) -> -8.1622583 | BX17: =IF(T0_Korrektur!D13="","",T0_Korrektur!D13-Hilfsdaten!BP17) -> -7.7532583 | BY17: =IF(T0_Korrektur!F43="","",T0_Korrektur!F43-Hilfsdaten!BP17) -> -22.880258 | BZ17: =IF(T0_Korrektur!H16="","",T0_Korrektur!H16-Hilfsdaten!BQ17) -> 2.3624807 | CA17: =IF(T0_Korrektur!D40="","",T0_Korrektur!D40-Hilfsdaten!BQ17) -> -1.1542193 | CB17: =IF(T0_Korrektur!D13="","",T0_Korrektur!D13-Hilfsdaten!BQ17) -> -0.74521935 | CC17: =IF(T0_Korrektur!F43="","",T0_Korrektur!F43-Hilfsdaten!BQ17) -> -15.872219
A18: ='Picks importieren'!B18 -> 60 | B18: =IF(AND($A18>='Auswertung 2-Schicht'!C$3,$A18<='Auswertung 2-Schicht'!C$4),Berechnung!C17,"") | C18: =IF(AND($A18>='Auswertung 2-Schicht'!D$3,$A18<='Auswertung 2-Schicht'!D$4),Berechnung!D17,"") | D18: =IF(AND($A18>='Auswertung 2-Schicht'!E$3,$A18<='Auswertung 2-Schicht'!E$4),Berechnung!G17,"") | E18: =IF(AND($A18>='Auswertung 2-Schicht'!F$3,$A18<='Auswertung 2-Schicht'!F$4),Berechnung!F17,"") | F18: =IF(AND($A18>='Auswertung 2-Schicht'!H$3,$A18<='Auswertung 2-Schicht'!H$4),IF('Auswertung 2-Schicht'!$H$8=1,Berechnung!I17,IF('Auswertung 2-Schicht'!$H$8=2,Berechnung!N17,Berechnung!S17)),"") -> 68.722823 | G18: =IF(AND($A18>='Auswertung 2-Schicht'!H$3,$A18<='Auswertung 2-Schicht'!H$4),IF('Auswertung 2-Schicht'!$H$8=1,Berechnung!J17,IF('Auswertung 2-Schicht'!$H$8=2,Berechnung!O17,Berechnung!T17)),"") -> 39.689015 | H18: =IF(AND($A18>='Auswertung 2-Schicht'!I$3,$A18<='Auswertung 2-Schicht'!I$4),Berechnung!K17,"") | I18: =IF(AND($A18>='Auswertung 2-Schicht'!J$3,$A18<='Auswertung 2-Schicht'!J$4),Berechnung!L17,"") | J18: =IF(AND($A18>='Auswertung 2-Schicht'!K$3,$A18<='Auswertung 2-Schicht'!K$4),Berechnung!P17,"") | K18: =IF(AND($A18>='Auswertung 2-Schicht'!L$3,$A18<='Auswertung 2-Schicht'!L$4),Berechnung!Q17,"") | L18: =IF('Auswertung 2-Schicht'!$H$8=1,Berechnung!I17,IF('Auswertung 2-Schicht'!$H$8=2,Berechnung!N17,Berechnung!S17)) -> 68.722823 | M18: =IF('Auswertung 2-Schicht'!$H$8=1,Berechnung!J17,IF('Auswertung 2-Schicht'!$H$8=2,Berechnung!O17,Berechnung!T17)) -> 39.689015 | N18: =IF(SUM(B18:C18)=0,-999,SUM(B18:C18)) -> -999 | O18: =IF(D18="",-999,D18) -> -999 | P18: =IF(E18="",-999,E18) -> -999 | Q18: =IF(F18="",-999,F18) -> 68.722823 | R18: =IF(G18="",-999,G18) -> 39.689015 | S18: =IF(H18="",-999,H18) -> -999 | T18: =IF(I18="",-999,I18) -> -999 | U18: =IF(J18="",-999,J18) -> -999 | V18: =IF(K18="",-999,K18) -> -999 | W18: =IF(AND($A18>='Auswertung 3-Schicht'!D$3,$A18<='Auswertung 3-Schicht'!D$4),Berechnung!C17,"") | X18: =IF(AND($A18>='Auswertung 3-Schicht'!E$3,$A18<='Auswertung 3-Schicht'!E$4),Berechnung!D17,"") | Y18: =IF(AND($A18>='Auswertung 3-Schicht'!F$3,$A18<='Auswertung 3-Schicht'!F$4),Berechnung!E17,"") | Z18: =IF(AND($A18>='Auswertung 3-Schicht'!G$3,$A18<='Auswertung 3-Schicht'!G$4),Berechnung!F17,"") | AA18: =IF(AND($A18>='Auswertung 3-Schicht'!H$3,$A18<='Auswertung 3-Schicht'!H$4),Berechnung!K17,"") | AB18: =IF(AND($A18>='Auswertung 3-Schicht'!I$3,$A18<='Auswertung 3-Schicht'!I$4),Berechnung!L17,"") | AC18: =IF(AND($A18>='Auswertung 3-Schicht'!J$3,$A18<='Auswertung 3-Schicht'!J$4),Berechnung!P17,"") | AD18: =IF(AND($A18>='Auswertung 3-Schicht'!K$3,$A18<='Auswertung 3-Schicht'!K$4),Berechnung!Q17,"") | AE18: =IF(AND($A18>='Auswertung 3-Schicht'!D$6,$A18<='Auswertung 3-Schicht'!D$7),Berechnung!C17,"") -> 41.057077 | AF18: =IF(AND($A18>='Auswertung 3-Schicht'!E$6,$A18<='Auswertung 3-Schicht'!E$7),Berechnung!D17,"") | AG18: =IF(AND($A18>='Auswertung 3-Schicht'!F$6,$A18<='Auswertung 3-Schicht'!F$7),Berechnung!E17,"") | AH18: =IF(AND($A18>='Auswertung 3-Schicht'!G$6,$A18<='Auswertung 3-Schicht'!G$7),Berechnung!F17,"") -> 57.559434 | AI18: =IF(AND($A18>='Auswertung 3-Schicht'!H$6,$A18<='Auswertung 3-Schicht'!H$7),Berechnung!K17,"") | AJ18: =IF(AND($A18>='Auswertung 3-Schicht'!I$6,$A18<='Auswertung 3-Schicht'!I$7),Berechnung!L17,"") | AK18: =IF(AND($A18>='Auswertung 3-Schicht'!J$6,$A18<='Auswertung 3-Schicht'!J$7),Berechnung!P17,"") | AL18: =IF(AND($A18>='Auswertung 3-Schicht'!K$6,$A18<='Auswertung 3-Schicht'!K$7),Berechnung!Q17,"") | AM18: =IF(AND($A18>='Auswertung 3-Schicht'!D$10,$A18<='Auswertung 3-Schicht'!D$11),Berechnung!C17,"") | AN18: =IF(AND($A18>='Auswertung 3-Schicht'!E$10,$A18<='Auswertung 3-Schicht'!E$11),Berechnung!D17,"") | AO18: =IF(AND($A18>='Auswertung 3-Schicht'!F$10,$A18<='Auswertung 3-Schicht'!F$11),Berechnung!E17,"") -> 83.334147 | AP18: =IF(AND($A18>='Auswertung 3-Schicht'!G$10,$A18<='Auswertung 3-Schicht'!G$11),Berechnung!F17,"") | AQ18: =IF(AND($A18>='Auswertung 3-Schicht'!H$10,$A18<='Auswertung 3-Schicht'!H$11),Berechnung!K17,"") | AR18: =IF(AND($A18>='Auswertung 3-Schicht'!I$10,$A18<='Auswertung 3-Schicht'!I$11),Berechnung!L17,"") | AS18: =IF(AND($A18>='Auswertung 3-Schicht'!J$10,$A18<='Auswertung 3-Schicht'!J$11),Berechnung!P17,"") | AT18: =IF(AND($A18>='Auswertung 3-Schicht'!K$10,$A18<='Auswertung 3-Schicht'!K$11),Berechnung!Q17,"") | AU18: =IF(SUM(W18:X18)=0,-999,SUM(W18:X18)) -> -999 | AV18: =IF(Y18="",-999,Y18) -> -999 | AW18: =IF(Z18="",-999,Z18) -> -999 | AX18: =IF(AA18="",-999,AA18) -> -999 | AY18: =IF(AB18="",-999,AB18) -> -999 | AZ18: =IF(AC18="",-999,AC18) -> -999 | BA18: =IF(AD18="",-999,AD18) -> -999 | BB18: =IF(SUM(AE18:AF18)=0,-999,SUM(AE18:AF18)) -> 41.057077 | BC18: =IF(AG18="",-999,AG18) -> -999 | BD18: =IF(AH18="",-999,AH18) -> 57.559434 | BE18: =IF(AI18="",-999,AI18) -> -999 | BF18: =IF(AJ18="",-999,AJ18) -> -999 | BG18: =IF(AK18="",-999,AK18) -> -999 | BH18: =IF(AL18="",-999,AL18) -> -999 | BI18: =IF(SUM(AM18:AN18)=0,-999,SUM(AM18:AN18)) -> -999 | BJ18: =IF(AO18="",-999,AO18) -> 83.334147 | BK18: =IF(AP18="",-999,AP18) -> -999 | BL18: =IF(AQ18="",-999,AQ18) -> -999 | BM18: =IF(AR18="",-999,AR18) -> -999 | BN18: =IF(AS18="",-999,AS18) -> -999 | BO18: =IF(AT18="",-999,AT18) -> -999 | BP18: =IF('Auswertung 2-Schicht'!O$4="",-999,MIN(1000*SQRT((A18+1)^2+AVERAGE(T0_Korrektur!D$1,T0_Korrektur!F$1,T0_Korrektur!H$1)^2)/'Auswertung 2-Schicht'!$O$4,'Auswertung 2-Schicht'!$O$8+1000*SQRT((A18+1)^2+AVERAGE(T0_Korrektur!D$1,T0_Korrektur!F$1,T0_Korrektur!H$1)^2)/'Auswertung 2-Schicht'!$O$7)) -> 60.951898 | BQ18: =IF('Auswertung 3-Schicht'!N$4="",-999,IF('Auswertung 3-Schicht'!N$8="",MIN(1000*SQRT((A18+1)^2+AVERAGE(T0_Korrektur!D$1,T0_Korrektur!F$1,T0_Korrektur!H$1)^2)/'Auswertung 3-Schicht'!N$4,'Auswertung 3-Schicht'!N$6+1000*SQRT((A18+1)^2+AVERAGE(T0_Korrektur!D$1,T0_Korrektur!F$1,T0_Korrektur!H$1)^2)/'Auswertung 3-Schicht'!N$5),MIN(1000*SQRT((A18+1)^2+AVERAGE(T0_Korrektur!D$1,T0_Korrektur!F$1,T0_Korrektur!H$1)^2)/'Auswertung 3-Schicht'!N$4,'Auswertung 3-Schicht'!N$6+1000*SQRT((A18+1)^2+AVERAGE(T0_Korrektur!D$1,T0_Korrektur!F$1,T0_Korrektur!H$1)^2)/'Auswertung 3-Schicht'!N$5,'Auswertung 3-Schicht'!N$9+1000*SQRT((A18+1)^2+AVERAGE(T0_Korrektur!D$1,T0_Korrektur!F$1,T0_Korrektur!H$1)^2)/'Auswertung 3-Schicht'!N$8))) -> 54.707224 | BR18: =ABS(T0_Korrektur!C17) -> 36.28984 | BS18: =ABS(T0_Korrektur!E17) -> 135.00948 | BT18: =ABS(T0_Korrektur!I17) -> 999 | BU18: =ABS(T0_Korrektur!M17) -> 999 | BV18: =IF(T0_Korrektur!H17="","",T0_Korrektur!H17-Hilfsdaten!BP18) -> -3.3685982 | BW18: =IF(T0_Korrektur!D41="","",T0_Korrektur!D41-Hilfsdaten!BP18) -> -7.4568982 | BX18: =IF(T0_Korrektur!D12="","",T0_Korrektur!D12-Hilfsdaten!BP18) -> -6.4348982 | BY18: =IF(T0_Korrektur!F42="","",T0_Korrektur!F42-Hilfsdaten!BP18) -> -22.583898 | BZ18: =IF(T0_Korrektur!H17="","",T0_Korrektur!H17-Hilfsdaten!BQ18) -> 2.8760763 | CA18: =IF(T0_Korrektur!D41="","",T0_Korrektur!D41-Hilfsdaten!BQ18) -> -1.2122237 | CB18: =IF(T0_Korrektur!D12="","",T0_Korrektur!D12-Hilfsdaten!BQ18) -> -0.19022366 | CC18: =IF(T0_Korrektur!F42="","",T0_Korrektur!F42-Hilfsdaten!BQ18) -> -16.339224
A19: ='Picks importieren'!B19 -> 65 | B19: =IF(AND($A19>='Auswertung 2-Schicht'!C$3,$A19<='Auswertung 2-Schicht'!C$4),Berechnung!C18,"") | C19: =IF(AND($A19>='Auswertung 2-Schicht'!D$3,$A19<='Auswertung 2-Schicht'!D$4),Berechnung!D18,"") | D19: =IF(AND($A19>='Auswertung 2-Schicht'!E$3,$A19<='Auswertung 2-Schicht'!E$4),Berechnung!G18,"") | E19: =IF(AND($A19>='Auswertung 2-Schicht'!F$3,$A19<='Auswertung 2-Schicht'!F$4),Berechnung!F18,"") | F19: =IF(AND($A19>='Auswertung 2-Schicht'!H$3,$A19<='Auswertung 2-Schicht'!H$4),IF('Auswertung 2-Schicht'!$H$8=1,Berechnung!I18,IF('Auswertung 2-Schicht'!$H$8=2,Berechnung!N18,Berechnung!S18)),"") -> 73.018474 | G19: =IF(AND($A19>='Auswertung 2-Schicht'!H$3,$A19<='Auswertung 2-Schicht'!H$4),IF('Auswertung 2-Schicht'!$H$8=1,Berechnung!J18,IF('Auswertung 2-Schicht'!$H$8=2,Berechnung!O18,Berechnung!T18)),"") -> 40.304427 | H19: =IF(AND($A19>='Auswertung 2-Schicht'!I$3,$A19<='Auswertung 2-Schicht'!I$4),Berechnung!K18,"") | I19: =IF(AND($A19>='Auswertung 2-Schicht'!J$3,$A19<='Auswertung 2-Schicht'!J$4),Berechnung!L18,"") | J19: =IF(AND($A19>='Auswertung 2-Schicht'!K$3,$A19<='Auswertung 2-Schicht'!K$4),Berechnung!P18,"") | K19: =IF(AND($A19>='Auswertung 2-Schicht'!L$3,$A19<='Auswertung 2-Schicht'!L$4),Berechnung!Q18,"") | L19: =IF('Auswertung 2-Schicht'!$H$8=1,Berechnung!I18,IF('Auswertung 2-Schicht'!$H$8=2,Berechnung!N18,Berechnung!S18)) -> 73.018474 | M19: =IF('Auswertung 2-Schicht'!$H$8=1,Berechnung!J18,IF('Auswertung 2-Schicht'!$H$8=2,Berechnung!O18,Berechnung!T18)) -> 40.304427 | N19: =IF(SUM(B19:C19)=0,-999,SUM(B19:C19)) -> -999 | O19: =IF(D19="",-999,D19) -> -999 | P19: =IF(E19="",-999,E19) -> -999 | Q19: =IF(F19="",-999,F19) -> 73.018474 | R19: =IF(G19="",-999,G19) -> 40.304427 | S19: =IF(H19="",-999,H19) -> -999 | T19: =IF(I19="",-999,I19) -> -999 | U19: =IF(J19="",-999,J19) -> -999 | V19: =IF(K19="",-999,K19) -> -999 | W19: =IF(AND($A19>='Auswertung 3-Schicht'!D$3,$A19<='Auswertung 3-Schicht'!D$4),Berechnung!C18,"") | X19: =IF(AND($A19>='Auswertung 3-Schicht'!E$3,$A19<='Auswertung 3-Schicht'!E$4),Berechnung!D18,"") | Y19: =IF(AND($A19>='Auswertung 3-Schicht'!F$3,$A19<='Auswertung 3-Schicht'!F$4),Berechnung!E18,"") | Z19: =IF(AND($A19>='Auswertung 3-Schicht'!G$3,$A19<='Auswertung 3-Schicht'!G$4),Berechnung!F18,"") | AA19: =IF(AND($A19>='Auswertung 3-Schicht'!H$3,$A19<='Auswertung 3-Schicht'!H$4),Berechnung!K18,"") | AB19: =IF(AND($A19>='Auswertung 3-Schicht'!I$3,$A19<='Auswertung 3-Schicht'!I$4),Berechnung!L18,"") | AC19: =IF(AND($A19>='Auswertung 3-Schicht'!J$3,$A19<='Auswertung 3-Schicht'!J$4),Berechnung!P18,"") | AD19: =IF(AND($A19>='Auswertung 3-Schicht'!K$3,$A19<='Auswertung 3-Schicht'!K$4),Berechnung!Q18,"") | AE19: =IF(AND($A19>='Auswertung 3-Schicht'!D$6,$A19<='Auswertung 3-Schicht'!D$7),Berechnung!C18,"") -> 38.019784 | AF19: =IF(AND($A19>='Auswertung 3-Schicht'!E$6,$A19<='Auswertung 3-Schicht'!E$7),Berechnung!D18,"") | AG19: =IF(AND($A19>='Auswertung 3-Schicht'!F$6,$A19<='Auswertung 3-Schicht'!F$7),Berechnung!E18,"") | AH19: =IF(AND($A19>='Auswertung 3-Schicht'!G$6,$A19<='Auswertung 3-Schicht'!G$7),Berechnung!F18,"") -> 60.014965 | AI19: =IF(AND($A19>='Auswertung 3-Schicht'!H$6,$A19<='Auswertung 3-Schicht'!H$7),Berechnung!K18,"") | AJ19: =IF(AND($A19>='Auswertung 3-Schicht'!I$6,$A19<='Auswertung 3-Schicht'!I$7),Berechnung!L18,"") | AK19: =IF(AND($A19>='Auswertung 3-Schicht'!J$6,$A19<='Auswertung 3-Schicht'!J$7),Berechnung!P18,"") | AL19: =IF(AND($A19>='Auswertung 3-Schicht'!K$6,$A19<='Auswertung 3-Schicht'!K$7),Berechnung!Q18,"") | AM19: =IF(AND($A19>='Auswertung 3-Schicht'!D$10,$A19<='Auswertung 3-Schicht'!D$11),Berechnung!C18,"") | AN19: =IF(AND($A19>='Auswertung 3-Schicht'!E$10,$A19<='Auswertung 3-Schicht'!E$11),Berechnung!D18,"") | AO19: =IF(AND($A19>='Auswertung 3-Schicht'!F$10,$A19<='Auswertung 3-Schicht'!F$11),Berechnung!E18,"") -> 81.494028 | AP19: =IF(AND($A19>='Auswertung 3-Schicht'!G$10,$A19<='Auswertung 3-Schicht'!G$11),Berechnung!F18,"") | AQ19: =IF(AND($A19>='Auswertung 3-Schicht'!H$10,$A19<='Auswertung 3-Schicht'!H$11),Berechnung!K18,"") | AR19: =IF(AND($A19>='Auswertung 3-Schicht'!I$10,$A19<='Auswertung 3-Schicht'!I$11),Berechnung!L18,"") | AS19: =IF(AND($A19>='Auswertung 3-Schicht'!J$10,$A19<='Auswertung 3-Schicht'!J$11),Berechnung!P18,"") | AT19: =IF(AND($A19>='Auswertung 3-Schicht'!K$10,$A19<='Auswertung 3-Schicht'!K$11),Berechnung!Q18,"") | AU19: =IF(SUM(W19:X19)=0,-999,SUM(W19:X19)) -> -999 | AV19: =IF(Y19="",-999,Y19) -> -999 | AW19: =IF(Z19="",-999,Z19) -> -999 | AX19: =IF(AA19="",-999,AA19) -> -999 | AY19: =IF(AB19="",-999,AB19) -> -999 | AZ19: =IF(AC19="",-999,AC19) -> -999 | BA19: =IF(AD19="",-999,AD19) -> -999 | BB19: =IF(SUM(AE19:AF19)=0,-999,SUM(AE19:AF19)) -> 38.019784 | BC19: =IF(AG19="",-999,AG19) -> -999 | BD19: =IF(AH19="",-999,AH19) -> 60.014965 | BE19: =IF(AI19="",-999,AI19) -> -999 | BF19: =IF(AJ19="",-999,AJ19) -> -999 | BG19: =IF(AK19="",-999,AK19) -> -999 | BH19: =IF(AL19="",-999,AL19) -> -999 | BI19: =IF(SUM(AM19:AN19)=0,-999,SUM(AM19:AN19)) -> -999 | BJ19: =IF(AO19="",-999,AO19) -> 81.494028 | BK19: =IF(AP19="",-999,AP19) -> -999 | BL19: =IF(AQ19="",-999,AQ19) -> -999 | BM19: =IF(AR19="",-999,AR19) -> -999 | BN19: =IF(AS19="",-999,AS19) -> -999 | BO19: =IF(AT19="",-999,AT19) -> -999 | BP19: =IF('Auswertung 2-Schicht'!O$4="",-999,MIN(1000*SQRT((A19+1)^2+AVERAGE(T0_Korrektur!D$1,T0_Korrektur!F$1,T0_Korrektur!H$1)^2)/'Auswertung 2-Schicht'!$O$4,'Auswertung 2-Schicht'!$O$8+1000*SQRT((A19+1)^2+AVERAGE(T0_Korrektur!D$1,T0_Korrektur!F$1,T0_Korrektur!H$1)^2)/'Auswertung 2-Schicht'!$O$7)) -> 62.904263 | BQ19: =IF('Auswertung 3-Schicht'!N$4="",-999,IF('Auswertung 3-Schicht'!N$8="",MIN(1000*SQRT((A19+1)^2+AVERAGE(T0_Korrektur!D$1,T0_Korrektur!F$1,T0_Korrektur!H$1)^2)/'Auswertung 3-Schicht'!N$4,'Auswertung 3-Schicht'!N$6+1000*SQRT((A19+1)^2+AVERAGE(T0_Korrektur!D$1,T0_Korrektur!F$1,T0_Korrektur!H$1)^2)/'Auswertung 3-Schicht'!N$5),MIN(1000*SQRT((A19+1)^2+AVERAGE(T0_Korrektur!D$1,T0_Korrektur!F$1,T0_Korrektur!H$1)^2)/'Auswertung 3-Schicht'!N$4,'Auswertung 3-Schicht'!N$6+1000*SQRT((A19+1)^2+AVERAGE(T0_Korrektur!D$1,T0_Korrektur!F$1,T0_Korrektur!H$1)^2)/'Auswertung 3-Schicht'!N$5,'Auswertung 3-Schicht'!N$9+1000*SQRT((A19+1)^2+AVERAGE(T0_Korrektur!D$1,T0_Korrektur!F$1,T0_Korrektur!H$1)^2)/'Auswertung 3-Schicht'!N$8))) -> 57.423002 | BR19: =ABS(T0_Korrektur!C18) -> 31.296206 | BS19: =ABS(T0_Korrektur!E18) -> 130.00985 | BT19: =ABS(T0_Korrektur!I18) -> 999 | BU19: =ABS(T0_Korrektur!M18) -> 999 | BV19: =IF(T0_Korrektur!H18="","",T0_Korrektur!H18-Hilfsdaten!BP19) -> -2.8679632 | BW19: =IF(T0_Korrektur!D42="","",T0_Korrektur!D42-Hilfsdaten!BP19) -> -6.4586632 | BX19: =IF(T0_Korrektur!D11="","",T0_Korrektur!D11-Hilfsdaten!BP19) -> -5.7297632 | BY19: =IF(T0_Korrektur!F41="","",T0_Korrektur!F41-Hilfsdaten!BP19) -> -21.469963 | BZ19: =IF(T0_Korrektur!H18="","",T0_Korrektur!H18-Hilfsdaten!BQ19) -> 2.6132981 | CA19: =IF(T0_Korrektur!D42="","",T0_Korrektur!D42-Hilfsdaten!BQ19) -> -0.9774019 | CB19: =IF(T0_Korrektur!D11="","",T0_Korrektur!D11-Hilfsdaten!BQ19) -> -0.2485019 | CC19: =IF(T0_Korrektur!F41="","",T0_Korrektur!F41-Hilfsdaten!BQ19) -> -15.988702
A20: ='Picks importieren'!B20 -> 70 | B20: =IF(AND($A20>='Auswertung 2-Schicht'!C$3,$A20<='Auswertung 2-Schicht'!C$4),Berechnung!C19,"") | C20: =IF(AND($A20>='Auswertung 2-Schicht'!D$3,$A20<='Auswertung 2-Schicht'!D$4),Berechnung!D19,"") | D20: =IF(AND($A20>='Auswertung 2-Schicht'!E$3,$A20<='Auswertung 2-Schicht'!E$4),Berechnung!G19,"") | E20: =IF(AND($A20>='Auswertung 2-Schicht'!F$3,$A20<='Auswertung 2-Schicht'!F$4),Berechnung!F19,"") | F20: =IF(AND($A20>='Auswertung 2-Schicht'!H$3,$A20<='Auswertung 2-Schicht'!H$4),IF('Auswertung 2-Schicht'!$H$8=1,Berechnung!I19,IF('Auswertung 2-Schicht'!$H$8=2,Berechnung!N19,Berechnung!S19)),"") -> 77.313619 | G20: =IF(AND($A20>='Auswertung 2-Schicht'!H$3,$A20<='Auswertung 2-Schicht'!H$4),IF('Auswertung 2-Schicht'!$H$8=1,Berechnung!J19,IF('Auswertung 2-Schicht'!$H$8=2,Berechnung!O19,Berechnung!T19)),"") -> 41.736999 | H20: =IF(AND($A20>='Auswertung 2-Schicht'!I$3,$A20<='Auswertung 2-Schicht'!I$4),Berechnung!K19,"") | I20: =IF(AND($A20>='Auswertung 2-Schicht'!J$3,$A20<='Auswertung 2-Schicht'!J$4),Berechnung!L19,"") | J20: =IF(AND($A20>='Auswertung 2-Schicht'!K$3,$A20<='Auswertung 2-Schicht'!K$4),Berechnung!P19,"") | K20: =IF(AND($A20>='Auswertung 2-Schicht'!L$3,$A20<='Auswertung 2-Schicht'!L$4),Berechnung!Q19,"") | L20: =IF('Auswertung 2-Schicht'!$H$8=1,Berechnung!I19,IF('Auswertung 2-Schicht'!$H$8=2,Berechnung!N19,Berechnung!S19)) -> 77.313619 | M20: =IF('Auswertung 2-Schicht'!$H$8=1,Berechnung!J19,IF('Auswertung 2-Schicht'!$H$8=2,Berechnung!O19,Berechnung!T19)) -> 41.736999 | N20: =IF(SUM(B20:C20)=0,-999,SUM(B20:C20)) -> -999 | O20: =IF(D20="",-999,D20) -> -999 | P20: =IF(E20="",-999,E20) -> -999 | Q20: =IF(F20="",-999,F20) -> 77.313619 | R20: =IF(G20="",-999,G20) -> 41.736999 | S20: =IF(H20="",-999,H20) -> -999 | T20: =IF(I20="",-999,I20) -> -999 | U20: =IF(J20="",-999,J20) -> -999 | V20: =IF(K20="",-999,K20) -> -999 | W20: =IF(AND($A20>='Auswertung 3-Schicht'!D$3,$A20<='Auswertung 3-Schicht'!D$4),Berechnung!C19,"") | X20: =IF(AND($A20>='Auswertung 3-Schicht'!E$3,$A20<='Auswertung 3-Schicht'!E$4),Berechnung!D19,"") | Y20: =IF(AND($A20>='Auswertung 3-Schicht'!F$3,$A20<='Auswertung 3-Schicht'!F$4),Berechnung!E19,"") | Z20: =IF(AND($A20>='Auswertung 3-Schicht'!G$3,$A20<='Auswertung 3-Schicht'!G$4),Berechnung!F19,"") | AA20: =IF(AND($A20>='Auswertung 3-Schicht'!H$3,$A20<='Auswertung 3-Schicht'!H$4),Berechnung!K19,"") | AB20: =IF(AND($A20>='Auswertung 3-Schicht'!I$3,$A20<='Auswertung 3-Schicht'!I$4),Berechnung!L19,"") | AC20: =IF(AND($A20>='Auswertung 3-Schicht'!J$3,$A20<='Auswertung 3-Schicht'!J$4),Berechnung!P19,"") | AD20: =IF(AND($A20>='Auswertung 3-Schicht'!K$3,$A20<='Auswertung 3-Schicht'!K$4),Berechnung!Q19,"") | AE20: =IF(AND($A20>='Auswertung 3-Schicht'!D$6,$A20<='Auswertung 3-Schicht'!D$7),Berechnung!C19,"") -> 34.978525 | AF20: =IF(AND($A20>='Auswertung 3-Schicht'!E$6,$A20<='Auswertung 3-Schicht'!E$7),Berechnung!D19,"") | AG20: =IF(AND($A20>='Auswertung 3-Schicht'!F$6,$A20<='Auswertung 3-Schicht'!F$7),Berechnung!E19,"") | AH20: =IF(AND($A20>='Auswertung 3-Schicht'!G$6,$A20<='Auswertung 3-Schicht'!G$7),Berechnung!F19,"") -> 62.878823 | AI20: =IF(AND($A20>='Auswertung 3-Schicht'!H$6,$A20<='Auswertung 3-Schicht'!H$7),Berechnung!K19,"") | AJ20: =IF(AND($A20>='Auswertung 3-Schicht'!I$6,$A20<='Auswertung 3-Schicht'!I$7),Berechnung!L19,"") | AK20: =IF(AND($A20>='Auswertung 3-Schicht'!J$6,$A20<='Auswertung 3-Schicht'!J$7),Berechnung!P19,"") | AL20: =IF(AND($A20>='Auswertung 3-Schicht'!K$6,$A20<='Auswertung 3-Schicht'!K$7),Berechnung!Q19,"") | AM20: =IF(AND($A20>='Auswertung 3-Schicht'!D$10,$A20<='Auswertung 3-Schicht'!D$11),Berechnung!C19,"") | AN20: =IF(AND($A20>='Auswertung 3-Schicht'!E$10,$A20<='Auswertung 3-Schicht'!E$11),Berechnung!D19,"") | AO20: =IF(AND($A20>='Auswertung 3-Schicht'!F$10,$A20<='Auswertung 3-Schicht'!F$11),Berechnung!E19,"") -> 80.062742 | AP20: =IF(AND($A20>='Auswertung 3-Schicht'!G$10,$A20<='Auswertung 3-Schicht'!G$11),Berechnung!F19,"") | AQ20: =IF(AND($A20>='Auswertung 3-Schicht'!H$10,$A20<='Auswertung 3-Schicht'!H$11),Berechnung!K19,"") | AR20: =IF(AND($A20>='Auswertung 3-Schicht'!I$10,$A20<='Auswertung 3-Schicht'!I$11),Berechnung!L19,"") | AS20: =IF(AND($A20>='Auswertung 3-Schicht'!J$10,$A20<='Auswertung 3-Schicht'!J$11),Berechnung!P19,"") | AT20: =IF(AND($A20>='Auswertung 3-Schicht'!K$10,$A20<='Auswertung 3-Schicht'!K$11),Berechnung!Q19,"") | AU20: =IF(SUM(W20:X20)=0,-999,SUM(W20:X20)) -> -999 | AV20: =IF(Y20="",-999,Y20) -> -999 | AW20: =IF(Z20="",-999,Z20) -> -999 | AX20: =IF(AA20="",-999,AA20) -> -999 | AY20: =IF(AB20="",-999,AB20) -> -999 | AZ20: =IF(AC20="",-999,AC20) -> -999 | BA20: =IF(AD20="",-999,AD20) -> -999 | BB20: =IF(SUM(AE20:AF20)=0,-999,SUM(AE20:AF20)) -> 34.978525 | BC20: =IF(AG20="",-999,AG20) -> -999 | BD20: =IF(AH20="",-999,AH20) -> 62.878823 | BE20: =IF(AI20="",-999,AI20) -> -999 | BF20: =IF(AJ20="",-999,AJ20) -> -999 | BG20: =IF(AK20="",-999,AK20) -> -999 | BH20: =IF(AL20="",-999,AL20) -> -999 | BI20: =IF(SUM(AM20:AN20)=0,-999,SUM(AM20:AN20)) -> -999 | BJ20: =IF(AO20="",-999,AO20) -> 80.062742 | BK20: =IF(AP20="",-999,AP20) -> -999 | BL20: =IF(AQ20="",-999,AQ20) -> -999 | BM20: =IF(AR20="",-999,AR20) -> -999 | BN20: =IF(AS20="",-999,AS20) -> -999 | BO20: =IF(AT20="",-999,AT20) -> -999 | BP20: =IF('Auswertung 2-Schicht'!O$4="",-999,MIN(1000*SQRT((A20+1)^2+AVERAGE(T0_Korrektur!D$1,T0_Korrektur!F$1,T0_Korrektur!H$1)^2)/'Auswertung 2-Schicht'!$O$4,'Auswertung 2-Schicht'!$O$8+1000*SQRT((A20+1)^2+AVERAGE(T0_Korrektur!D$1,T0_Korrektur!F$1,T0_Korrektur!H$1)^2)/'Auswertung 2-Schicht'!$O$7)) -> 64.856727 | BQ20: =IF('Auswertung 3-Schicht'!N$4="",-999,IF('Auswertung 3-Schicht'!N$8="",MIN(1000*SQRT((A20+1)^2+AVERAGE(T0_Korrektur!D$1,T0_Korrektur!F$1,T0_Korrektur!H$1)^2)/'Auswertung 3-Schicht'!N$4,'Auswertung 3-Schicht'!N$6+1000*SQRT((A20+1)^2+AVERAGE(T0_Korrektur!D$1,T0_Korrektur!F$1,T0_Korrektur!H$1)^2)/'Auswertung 3-Schicht'!N$5),MIN(1000*SQRT((A20+1)^2+AVERAGE(T0_Korrektur!D$1,T0_Korrektur!F$1,T0_Korrektur!H$1)^2)/'Auswertung 3-Schicht'!N$4,'Auswertung 3-Schicht'!N$6+1000*SQRT((A20+1)^2+AVERAGE(T0_Korrektur!D$1,T0_Korrektur!F$1,T0_Korrektur!H$1)^2)/'Auswertung 3-Schicht'!N$5,'Auswertung 3-Schicht'!N$9+1000*SQRT((A20+1)^2+AVERAGE(T0_Korrektur!D$1,T0_Korrektur!F$1,T0_Korrektur!H$1)^2)/'Auswertung 3-Schicht'!N$8))) -> 60.138917 | BR20: =ABS(T0_Korrektur!C19) -> 26.30499 | BS20: =ABS(T0_Korrektur!E19) -> 125.01024 | BT20: =ABS(T0_Korrektur!I19) -> 999 | BU20: =ABS(T0_Korrektur!M19) -> 999 | BV20: =IF(T0_Korrektur!H19="","",T0_Korrektur!H19-Hilfsdaten!BP20) -> -1.9585268 | BW20: =IF(T0_Korrektur!D43="","",T0_Korrektur!D43-Hilfsdaten!BP20) -> -4.6564268 | BX20: =IF(T0_Korrektur!D10="","",T0_Korrektur!D10-Hilfsdaten!BP20) -> -5.0248268 | BY20: =IF(T0_Korrektur!F40="","",T0_Korrektur!F40-Hilfsdaten!BP20) -> -20.765427 | BZ20: =IF(T0_Korrektur!H19="","",T0_Korrektur!H19-Hilfsdaten!BQ20) -> 2.7592827 | CA20: =IF(T0_Korrektur!D43="","",T0_Korrektur!D43-Hilfsdaten!BQ20) -> 0.061382672 | CB20: =IF(T0_Korrektur!D10="","",T0_Korrektur!D10-Hilfsdaten!BQ20) -> -0.30701733 | CC20: =IF(T0_Korrektur!F40="","",T0_Korrektur!F40-Hilfsdaten!BQ20) -> -16.047617
A21: ='Picks importieren'!B21 -> 75 | B21: =IF(AND($A21>='Auswertung 2-Schicht'!C$3,$A21<='Auswertung 2-Schicht'!C$4),Berechnung!C20,"") | C21: =IF(AND($A21>='Auswertung 2-Schicht'!D$3,$A21<='Auswertung 2-Schicht'!D$4),Berechnung!D20,"") | D21: =IF(AND($A21>='Auswertung 2-Schicht'!E$3,$A21<='Auswertung 2-Schicht'!E$4),Berechnung!G20,"") | E21: =IF(AND($A21>='Auswertung 2-Schicht'!F$3,$A21<='Auswertung 2-Schicht'!F$4),Berechnung!F20,"") | F21: =IF(AND($A21>='Auswertung 2-Schicht'!H$3,$A21<='Auswertung 2-Schicht'!H$4),IF('Auswertung 2-Schicht'!$H$8=1,Berechnung!I20,IF('Auswertung 2-Schicht'!$H$8=2,Berechnung!N20,Berechnung!S20)),"") -> 81.802481 | G21: =IF(AND($A21>='Auswertung 2-Schicht'!H$3,$A21<='Auswertung 2-Schicht'!H$4),IF('Auswertung 2-Schicht'!$H$8=1,Berechnung!J20,IF('Auswertung 2-Schicht'!$H$8=2,Berechnung!O20,Berechnung!T20)),"") -> 42.954236 | H21: =IF(AND($A21>='Auswertung 2-Schicht'!I$3,$A21<='Auswertung 2-Schicht'!I$4),Berechnung!K20,"") | I21: =IF(AND($A21>='Auswertung 2-Schicht'!J$3,$A21<='Auswertung 2-Schicht'!J$4),Berechnung!L20,"") | J21: =IF(AND($A21>='Auswertung 2-Schicht'!K$3,$A21<='Auswertung 2-Schicht'!K$4),Berechnung!P20,"") | K21: =IF(AND($A21>='Auswertung 2-Schicht'!L$3,$A21<='Auswertung 2-Schicht'!L$4),Berechnung!Q20,"") | L21: =IF('Auswertung 2-Schicht'!$H$8=1,Berechnung!I20,IF('Auswertung 2-Schicht'!$H$8=2,Berechnung!N20,Berechnung!S20)) -> 81.802481 | M21: =IF('Auswertung 2-Schicht'!$H$8=1,Berechnung!J20,IF('Auswertung 2-Schicht'!$H$8=2,Berechnung!O20,Berechnung!T20)) -> 42.954236 | N21: =IF(SUM(B21:C21)=0,-999,SUM(B21:C21)) -> -999 | O21: =IF(D21="",-999,D21) -> -999 | P21: =IF(E21="",-999,E21) -> -999 | Q21: =IF(F21="",-999,F21) -> 81.802481 | R21: =IF(G21="",-999,G21) -> 42.954236 | S21: =IF(H21="",-999,H21) -> -999 | T21: =IF(I21="",-999,I21) -> -999 | U21: =IF(J21="",-999,J21) -> -999 | V21: =IF(K21="",-999,K21) -> -999 | W21: =IF(AND($A21>='Auswertung 3-Schicht'!D$3,$A21<='Auswertung 3-Schicht'!D$4),Berechnung!C20,"") | X21: =IF(AND($A21>='Auswertung 3-Schicht'!E$3,$A21<='Auswertung 3-Schicht'!E$4),Berechnung!D20,"") | Y21: =IF(AND($A21>='Auswertung 3-Schicht'!F$3,$A21<='Auswertung 3-Schicht'!F$4),Berechnung!E20,"") | Z21: =IF(AND($A21>='Auswertung 3-Schicht'!G$3,$A21<='Auswertung 3-Schicht'!G$4),Berechnung!F20,"") | AA21: =IF(AND($A21>='Auswertung 3-Schicht'!H$3,$A21<='Auswertung 3-Schicht'!H$4),Berechnung!K20,"") | AB21: =IF(AND($A21>='Auswertung 3-Schicht'!I$3,$A21<='Auswertung 3-Schicht'!I$4),Berechnung!L20,"") | AC21: =IF(AND($A21>='Auswertung 3-Schicht'!J$3,$A21<='Auswertung 3-Schicht'!J$4),Berechnung!P20,"") | AD21: =IF(AND($A21>='Auswertung 3-Schicht'!K$3,$A21<='Auswertung 3-Schicht'!K$4),Berechnung!Q20,"") | AE21: =IF(AND($A21>='Auswertung 3-Schicht'!D$6,$A21<='Auswertung 3-Schicht'!D$7),Berechnung!C20,"") -> 31.92909 | AF21: =IF(AND($A21>='Auswertung 3-Schicht'!E$6,$A21<='Auswertung 3-Schicht'!E$7),Berechnung!D20,"") | AG21: =IF(AND($A21>='Auswertung 3-Schicht'!F$6,$A21<='Auswertung 3-Schicht'!F$7),Berechnung!E20,"") | AH21: =IF(AND($A21>='Auswertung 3-Schicht'!G$6,$A21<='Auswertung 3-Schicht'!G$7),Berechnung!F20,"") -> 65.731873 | AI21: =IF(AND($A21>='Auswertung 3-Schicht'!H$6,$A21<='Auswertung 3-Schicht'!H$7),Berechnung!K20,"") | AJ21: =IF(AND($A21>='Auswertung 3-Schicht'!I$6,$A21<='Auswertung 3-Schicht'!I$7),Berechnung!L20,"") | AK21: =IF(AND($A21>='Auswertung 3-Schicht'!J$6,$A21<='Auswertung 3-Schicht'!J$7),Berechnung!P20,"") | AL21: =IF(AND($A21>='Auswertung 3-Schicht'!K$6,$A21<='Auswertung 3-Schicht'!K$7),Berechnung!Q20,"") | AM21: =IF(AND($A21>='Auswertung 3-Schicht'!D$10,$A21<='Auswertung 3-Schicht'!D$11),Berechnung!C20,"") | AN21: =IF(AND($A21>='Auswertung 3-Schicht'!E$10,$A21<='Auswertung 3-Schicht'!E$11),Berechnung!D20,"") | AO21: =IF(AND($A21>='Auswertung 3-Schicht'!F$10,$A21<='Auswertung 3-Schicht'!F$11),Berechnung!E20,"") -> 78.426929 | AP21: =IF(AND($A21>='Auswertung 3-Schicht'!G$10,$A21<='Auswertung 3-Schicht'!G$11),Berechnung!F20,"") | AQ21: =IF(AND($A21>='Auswertung 3-Schicht'!H$10,$A21<='Auswertung 3-Schicht'!H$11),Berechnung!K20,"") | AR21: =IF(AND($A21>='Auswertung 3-Schicht'!I$10,$A21<='Auswertung 3-Schicht'!I$11),Berechnung!L20,"") | AS21: =IF(AND($A21>='Auswertung 3-Schicht'!J$10,$A21<='Auswertung 3-Schicht'!J$11),Berechnung!P20,"") | AT21: =IF(AND($A21>='Auswertung 3-Schicht'!K$10,$A21<='Auswertung 3-Schicht'!K$11),Berechnung!Q20,"") | AU21: =IF(SUM(W21:X21)=0,-999,SUM(W21:X21)) -> -999 | AV21: =IF(Y21="",-999,Y21) -> -999 | AW21: =IF(Z21="",-999,Z21) -> -999 | AX21: =IF(AA21="",-999,AA21) -> -999 | AY21: =IF(AB21="",-999,AB21) -> -999 | AZ21: =IF(AC21="",-999,AC21) -> -999 | BA21: =IF(AD21="",-999,AD21) -> -999 | BB21: =IF(SUM(AE21:AF21)=0,-999,SUM(AE21:AF21)) -> 31.92909 | BC21: =IF(AG21="",-999,AG21) -> -999 | BD21: =IF(AH21="",-999,AH21) -> 65.731873 | BE21: =IF(AI21="",-999,AI21) -> -999 | BF21: =IF(AJ21="",-999,AJ21) -> -999 | BG21: =IF(AK21="",-999,AK21) -> -999 | BH21: =IF(AL21="",-999,AL21) -> -999 | BI21: =IF(SUM(AM21:AN21)=0,-999,SUM(AM21:AN21)) -> -999 | BJ21: =IF(AO21="",-999,AO21) -> 78.426929 | BK21: =IF(AP21="",-999,AP21) -> -999 | BL21: =IF(AQ21="",-999,AQ21) -> -999 | BM21: =IF(AR21="",-999,AR21) -> -999 | BN21: =IF(AS21="",-999,AS21) -> -999 | BO21: =IF(AT21="",-999,AT21) -> -999 | BP21: =IF('Auswertung 2-Schicht'!O$4="",-999,MIN(1000*SQRT((A21+1)^2+AVERAGE(T0_Korrektur!D$1,T0_Korrektur!F$1,T0_Korrektur!H$1)^2)/'Auswertung 2-Schicht'!$O$4,'Auswertung 2-Schicht'!$O$8+1000*SQRT((A21+1)^2+AVERAGE(T0_Korrektur!D$1,T0_Korrektur!F$1,T0_Korrektur!H$1)^2)/'Auswertung 2-Schicht'!$O$7)) -> 66.80927 | BQ21: =IF('Auswertung 3-Schicht'!N$4="",-999,IF('Auswertung 3-Schicht'!N$8="",MIN(1000*SQRT((A21+1)^2+AVERAGE(T0_Korrektur!D$1,T0_Korrektur!F$1,T0_Korrektur!H$1)^2)/'Auswertung 3-Schicht'!N$4,'Auswertung 3-Schicht'!N$6+1000*SQRT((A21+1)^2+AVERAGE(T0_Korrektur!D$1,T0_Korrektur!F$1,T0_Korrektur!H$1)^2)/'Auswertung 3-Schicht'!N$5),MIN(1000*SQRT((A21+1)^2+AVERAGE(T0_Korrektur!D$1,T0_Korrektur!F$1,T0_Korrektur!H$1)^2)/'Auswertung 3-Schicht'!N$4,'Auswertung 3-Schicht'!N$6+1000*SQRT((A21+1)^2+AVERAGE(T0_Korrektur!D$1,T0_Korrektur!F$1,T0_Korrektur!H$1)^2)/'Auswertung 3-Schicht'!N$5,'Auswertung 3-Schicht'!N$9+1000*SQRT((A21+1)^2+AVERAGE(T0_Korrektur!D$1,T0_Korrektur!F$1,T0_Korrektur!H$1)^2)/'Auswertung 3-Schicht'!N$8))) -> 62.854943 | BR21: =ABS(T0_Korrektur!C20) -> 21.317892 | BS21: =ABS(T0_Korrektur!E20) -> 120.01067 | BT21: =ABS(T0_Korrektur!I20) -> 999 | BU21: =ABS(T0_Korrektur!M20) -> 999 | BV21: =IF(T0_Korrektur!H20="","",T0_Korrektur!H20-Hilfsdaten!BP21) -> -1.0596695 | BW21: =IF(T0_Korrektur!D44="","",T0_Korrektur!D44-Hilfsdaten!BP21) -> -4.0745695 | BX21: =IF(T0_Korrektur!D9="","",T0_Korrektur!D9-Hilfsdaten!BP21) -> -4.9331695 | BY21: =IF(T0_Korrektur!F39="","",T0_Korrektur!F39-Hilfsdaten!BP21) -> -19.65127 | BZ21: =IF(T0_Korrektur!H20="","",T0_Korrektur!H20-Hilfsdaten!BQ21) -> 2.8946571 | CA21: =IF(T0_Korrektur!D44="","",T0_Korrektur!D44-Hilfsdaten!BQ21) -> -0.1202429 | CB21: =IF(T0_Korrektur!D9="","",T0_Korrektur!D9-Hilfsdaten!BQ21) -> -0.9788429 | CC21: =IF(T0_Korrektur!F39="","",T0_Korrektur!F39-Hilfsdaten!BQ21) -> -15.696943
